beats,tempo,rmse,mfcc_1,mfcc_2,mfcc_3,mfcc_4,mfcc_5,mfcc_6,mfcc_7,mfcc_8,mfcc_9,mfcc_10,mfcc_11,mfcc_12,mfcc_13,mfcc_14,mfcc_15,mfcc_16,mfcc_17,mfcc_18,mfcc_19,mfcc_20,zero_crossing_rate,rolloff,spectral_centroid,spectral_bandwidth,chroma_stft,file
130.5873520194986,[135.99917763],0.25258943,-96.84752,97.57841,-15.679095,51.373074,-29.58342,33.922375,-23.522806,24.189722,-8.961077,12.804981,-7.421869,6.716712,-0.3294317,0.8825094,5.410018,-3.6408508,6.96145,-2.0108156,11.009398,-1.1900028,0.10178991555930433,9249.568195394879,4350.674714671837,4103.266703680121,0.46433225,/Users/nosolomusica/Desktop/Analisis_de_Datos/Semana8/FINAL_PROYECT/Canciones/Dance/Alice Deejay_Better Off Alone_Electronica_Dance_2000.mp3
140.26140583866115,[143.5546875],0.26933175,-117.78259,125.54182,-12.192686,47.894978,-17.091373,30.042786,-11.662259,17.663359,-3.5576632,3.7636251,0.6650604,3.643767,-4.521362,-2.7318454,2.0494015,-2.4773672,4.4430614,-0.76972306,6.082425,-1.9842167,0.0615582032474146,6829.635626811736,3083.965694346719,3522.0630405167644,0.45103738,/Users/nosolomusica/Desktop/Analisis_de_Datos/Semana8/FINAL_PROYECT/Canciones/Dance/Calvin Harris y Ellie Goulding_Miracle_Electronica_Dance_2023.mp3
123.18056710919464,[129.19921875],0.3298705,-72.679344,130.9399,-37.414062,47.26369,-21.308031,28.221663,-10.633569,24.471733,-2.1140425,8.833682,8.743298,1.9413674,3.2913635,-1.2177625,2.7030306,-0.13347584,5.730782,-0.17133921,6.2011523,-1.5395403,0.05914588876935221,6718.444180172896,2997.476857011518,3285.6726824402976,0.47865146,/Users/nosolomusica/Desktop/Analisis_de_Datos/Semana8/FINAL_PROYECT/Canciones/Dance/David Guetta y Anne_Baby Don’t Hurt Me_Electronica_Dance_2023.mp3
120.15605979914791,[126.04801829],0.23926413,-116.77385,118.05618,-22.483967,48.43511,-11.908549,34.656197,-11.6958065,19.381336,-8.770782,3.2411537,5.4371595,2.4128954,-2.7850146,-1.7306696,3.0837038,-5.853305,5.8531246,-6.1557937,5.0063367,1.0335784,0.07017048210128721,7335.060037999818,3307.0371923024036,3484.2362688522776,0.44020632,/Users/nosolomusica/Desktop/Analisis_de_Datos/Semana8/FINAL_PROYECT/Canciones/Dance/Edward Maya & Vika Jigulina_Stereo Love_Electronica_Dance_2009.mp3
126.07787334201801,[129.19921875],0.2238205,-139.68536,138.98792,-5.3951726,46.70221,-12.141997,28.973606,-11.6651,24.159,-6.065562,8.570238,-0.6990125,9.56199,0.79752386,0.70428544,0.42748696,-2.1024587,5.830242,-3.1493053,3.5545032,-8.026895,0.03904463287864882,6101.4788136416455,2644.8649956930826,3517.9029266447887,0.5307436,/Users/nosolomusica/Desktop/Analisis_de_Datos/Semana8/FINAL_PROYECT/Canciones/Dance/Erika_I Don't Know_Electronica_Dance_2004.mp3
125.12591885737208,[129.19921875],0.16405115,-118.396996,131.56941,-49.869076,42.198395,-23.821306,30.209414,-21.193533,12.922233,-4.0954075,8.978907,-1.9393201,6.91555,1.2614466,-0.04431766,7.1817665,-4.539335,4.0085163,-3.101759,4.8593206,-6.9705634,0.08906635758087923,6996.5044579255455,3354.7787467059948,3387.3862844702585,0.4245442,/Users/nosolomusica/Desktop/Analisis_de_Datos/Semana8/FINAL_PROYECT/Canciones/Dance/Flo Rida_Club Can't Handle Me_Electronica_Dance_2010.mp3
134.8531537273772,[139.67483108],0.21194673,-139.08603,156.34854,-40.660885,51.524506,-25.828972,25.593372,-6.942227,3.5175662,8.959845,-10.781366,16.70768,-11.143241,9.261904,-3.2064898,0.6819854,5.607412,-4.859168,8.79533,-4.6632714,6.572637,0.05511857704553071,5473.05940288442,2502.1852133848815,2864.1208506401026,0.4247243,/Users/nosolomusica/Desktop/Analisis_de_Datos/Semana8/FINAL_PROYECT/Canciones/Dance/Gigi D'agostino_L'amour toujour_Electronica_Dance_2001.mp3
131.69691893673112,[139.67483108],0.21797474,-117.788315,126.741035,-27.760994,45.31855,-18.414885,31.755192,-9.769887,16.809408,-8.739425,4.916297,-2.0271506,4.343628,3.9694607,0.35664687,2.1811442,-0.7280084,7.180304,-1.5391684,4.039188,-5.482125,0.05839108816935442,6551.428357049058,2979.100535766946,3390.0610692746873,0.40989912,/Users/nosolomusica/Desktop/Analisis_de_Datos/Semana8/FINAL_PROYECT/Canciones/Dance/Lasgo_I Wonder_Electronica_Dance_2001.mp3
138.7154245482405,[139.67483108],0.14008743,-157.1708,138.97832,-27.280272,33.403362,-27.62457,31.457142,-13.222039,21.61025,-3.5305343,9.037569,-0.48052377,4.683054,0.47519144,-0.28617686,2.8921733,-0.07433087,4.999457,-1.6864635,7.816821,-1.686845,0.060063598587665766,6489.133780239539,3040.1423992688956,3423.865655384694,0.4749552,/Users/nosolomusica/Desktop/Analisis_de_Datos/Semana8/FINAL_PROYECT/Canciones/Dance/Lasgo_Something_Electronica_Dance_2001.mp3
137.7427568319838,[139.67483108],0.24095279,-93.77613,118.46407,-23.873562,44.631325,-22.902483,32.7092,-16.934237,28.269474,-8.701738,12.093595,-3.6224444,12.243943,-1.058626,0.46620235,2.4680521,-3.811522,6.0867987,-1.7112032,8.176581,-5.952877,0.08577509101097297,8245.38755341261,3747.7587866870695,3917.742503926031,0.5271235,/Users/nosolomusica/Desktop/Analisis_de_Datos/Semana8/FINAL_PROYECT/Canciones/Dance/Rimini Project_Sounds Good_Electronica_Dance_2001.mp3
132.5677433767872,[135.99917763],0.0625748,-239.48756,138.5308,-10.555657,48.70763,-16.36196,31.737093,-13.473442,19.849789,-7.8881826,10.988008,-1.5672346,5.451635,-2.194001,0.6000444,3.642624,-1.9757899,3.8006887,-3.8860726,5.159794,-6.3270674,0.051843380420499345,6648.201313033837,2945.534444132363,3629.996872273245,0.5103594,/Users/nosolomusica/Desktop/Analisis_de_Datos/Semana8/FINAL_PROYECT/Canciones/Dance/Sash! feat Tina Cousins_Mysterious Times_Electronica_Dance_2012.mp3
123.0718135640454,[123.046875],0.15167269,-135.1153,143.61009,-28.203485,46.56003,-16.526424,28.35861,-12.3527355,12.936286,-5.837355,1.1927238,0.1574741,3.0806515,2.3704448,-4.0457816,5.561239,-4.1925178,2.7621667,-4.418277,3.5429013,-3.1508503,0.061215555848469876,6237.987947268297,2808.5078104096474,3245.4528198847415,0.4529915,/Users/nosolomusica/Desktop/Analisis_de_Datos/Semana8/FINAL_PROYECT/Canciones/Dance/Snap!_Rhythm is a Dancer_Electronica_Dance_1992.mp3
136.56863543314415,[139.67483108],0.15930198,-159.43013,145.52066,-40.644703,55.77934,-12.119352,29.007885,-0.46283856,8.854417,10.673668,-4.7222805,13.486772,-6.5511456,6.934778,-3.8737402,4.040353,0.2369367,-1.7594968,6.179927,-4.8536634,4.5176225,0.06766374174953478,5629.475532100489,2730.995434150555,2736.327413241414,0.44698864,/Users/nosolomusica/Desktop/Analisis_de_Datos/Semana8/FINAL_PROYECT/Canciones/Dance/Sylver_Skin_Electronica_Dance_2001.mp3
136.56863543314415,[139.67483108],0.15930198,-159.43013,145.52066,-40.644703,55.77934,-12.119352,29.007885,-0.46283856,8.854417,10.673668,-4.7222805,13.486772,-6.5511456,6.934778,-3.8737402,4.040353,0.2369367,-1.7594968,6.179927,-4.8536634,4.5176225,0.06766374174953478,5629.475532100489,2730.995434150555,2736.327413241414,0.44698864,/Users/nosolomusica/Desktop/Analisis_de_Datos/Semana8/FINAL_PROYECT/Canciones/Dance/Sylver_Skin_Electronica_Dance_2024.mp3
90.01635174418604,[92.28515625],0.04566547,-294.8764,144.59726,-54.462414,71.85527,-25.247883,13.247288,9.185326,-3.0536153,19.107609,-14.058511,9.21243,-6.0515904,-6.9383674,2.1708097,-2.9084556,4.299277,-2.2866094,6.391818,0.76368886,-1.722426,0.08580928301190024,5872.541165230797,2939.682546334304,2637.581784508733,0.41125622,/Users/nosolomusica/Desktop/Analisis_de_Datos/Semana8/FINAL_PROYECT/Canciones/Dance/Sylver_Turn the tide_Electronica_Dance_2001.mp3
124.08964512711864,[126.04801829],0.23723063,-202.86807,148.14609,-37.639523,59.849857,2.591407,8.189187,8.527426,-10.972991,18.183182,-9.646135,1.0518111,1.9528285,-8.685678,6.0356116,-6.110543,4.9133463,1.3573548,-1.4795431,9.1973,-3.4758396,0.03850474698725821,4022.3864764833434,1897.68164596918,2193.3829330021567,0.52970356,/Users/nosolomusica/Desktop/Analisis_de_Datos/Semana8/FINAL_PROYECT/Canciones/Dance/Yolanda Be Cool & DCUP_We No Speak Americano_Electronica_Dance_2010.mp3
104.53826434246443,[129.19921875],0.3096399,-150.14568,138.45377,-23.744698,65.89295,-2.1468368,17.144611,12.511876,-4.6215057,16.137257,-3.7677855,10.901034,0.31857175,2.8066452,10.320562,-4.439017,4.688333,-1.8595133,0.16410364,1.5515071,-3.306414,0.04623897541520446,4542.197095701126,2137.5996674876437,2407.162766576695,0.50052124,/Users/nosolomusica/Desktop/Analisis_de_Datos/Semana8/FINAL_PROYECT/Canciones/New Wave/Grauzone_Eisbaer_Rock_New Wave_1980.mp3
72.71908870507701,[82.03125],0.31224743,-144.98973,148.33759,2.4592278,56.84506,3.464771,29.366528,-0.5695853,16.576601,-1.0120422,7.600205,1.2192556,3.0865269,0.7327317,-2.6910138,2.4505777,-3.5279932,0.358932,-3.0659723,3.0782294,-1.5100148,0.02316918554214004,4485.2309950734125,1881.0802140145602,2865.555358029602,0.5466788,/Users/nosolomusica/Desktop/Analisis_de_Datos/Semana8/FINAL_PROYECT/Canciones/New Wave/Human Tetris_Things I don't need_Rock_New Wave_2010.mp3
118.9118828369906,[129.19921875],0.18082577,-186.15186,155.94966,-13.007477,52.68526,5.763152,20.722866,9.217537,13.20858,4.980341,0.72305524,2.231495,4.2436514,-1.0539665,2.368488,0.8594695,1.7641488,4.9503713,1.423312,2.9882665,-0.9287034,0.040531721169519155,4123.607723457777,1967.1837031020575,2443.7724468792917,0.6015703,/Users/nosolomusica/Desktop/Analisis_de_Datos/Semana8/FINAL_PROYECT/Canciones/New Wave/Las Eras_Virginia_Rock_New Wave_2024.mp3
127.77569276112825,[139.67483108],0.11239735,-268.35986,162.85982,-11.556087,38.16556,19.479752,8.866363,11.853044,10.192794,-2.2337756,-1.7748033,-4.413493,0.18697476,-3.4732325,-0.9476492,-6.9434943,-5.8341875,-0.32523778,-0.9677999,1.893666,-4.5281615,0.048225127459675644,3514.4358755949497,1817.99133449216,2066.2056271326433,0.49155226,/Users/nosolomusica/Desktop/Analisis_de_Datos/Semana8/FINAL_PROYECT/Canciones/New Wave/Lebanon Hanover_Gallowdance_Rock_New Wave_2013.mp3
84.71304086538461,[89.10290948],0.11936629,-171.8533,118.71524,5.9143167,46.8726,-17.844246,36.27609,-11.312719,20.463804,-7.532121,13.195081,-5.7072353,5.289235,1.0610496,1.0605593,4.162046,0.9427845,5.3217473,-2.9133778,6.1218295,-5.7907205,0.08122242589195779,8219.628150611235,3623.0151620353704,3875.5028738532674,0.5221453,/Users/nosolomusica/Desktop/Analisis_de_Datos/Semana8/FINAL_PROYECT/Canciones/New Wave/Linea Aspera_Malarone_Rock_New Wave_2012.mp3
45.20582637524558,[47.8515625],0.18901281,-181.16576,166.47446,-8.786422,37.87025,-6.7805095,30.23552,16.773714,10.410369,8.345712,3.348335,5.9140897,2.1986804,7.5257235,2.2890038,5.715059,-0.8913686,0.0123535395,-0.66283405,-0.44436586,1.737648,0.023364140190139857,3561.1208241549825,1608.8147714943198,2398.6923787237215,0.59118414,/Users/nosolomusica/Desktop/Analisis_de_Datos/Semana8/FINAL_PROYECT/Canciones/New Wave/Pleasure Symbols_Control_Rock_New Wave_2016.mp3
106.9651352028042,[126.04801829],0.21754357,-150.8977,150.19913,-0.7210189,47.65019,-4.356082,23.607845,-11.912719,14.291295,-8.6777315,4.990427,-4.9826155,2.194427,0.9115268,-2.288195,3.3425012,-6.099242,-1.7504792,-6.7525387,0.92563397,-6.03207,0.03946903769168579,5056.838912215731,2286.6499064959166,2963.1342254851124,0.4302528,/Users/nosolomusica/Desktop/Analisis_de_Datos/Semana8/FINAL_PROYECT/Canciones/New Wave/Psyche_Goodbye Horses_Rock_New Wave_1996.mp3
119.57570829280156,[126.04801829],0.3118379,-145.78517,165.18149,-9.247726,42.729683,0.16868852,18.574947,3.2532954,17.64739,-0.42078233,4.348205,9.163711,0.09111062,2.7696884,2.3341827,-0.10054976,3.9600775,6.145356,2.0881855,0.6886411,-2.0721717,0.031363092620939725,4410.445849889265,1913.9307451001716,2572.0437704272726,0.5365476,/Users/nosolomusica/Desktop/Analisis_de_Datos/Semana8/FINAL_PROYECT/Canciones/New Wave/Rue Oberkampf_Hope and Fear_Rock_New Wave_2022.mp3
119.16432797330097,[135.99917763],0.07586392,-222.07043,150.1186,-36.512627,44.695045,-7.2041636,22.278576,-2.7659051,7.1561456,5.654218,-5.2189384,1.2879716,-7.08937,11.67674,-6.549306,3.8009737,-2.2305548,-7.813136,-2.3817234,-6.9330716,-0.6737093,0.06396616558488914,5289.426066128209,2461.3593193261604,2703.6638622129035,0.44143507,/Users/nosolomusica/Desktop/Analisis_de_Datos/Semana8/FINAL_PROYECT/Canciones/New Wave/Sad lovers and Giants_Things we never did_Rock_New Wave_1982.mp3
109.33997487853357,[126.04801829],0.2195833,-151.81041,164.92119,-13.229025,43.451538,-3.0611467,26.327818,-12.526023,12.512577,-2.6469638,5.3908343,1.7411095,2.1917238,4.212395,-3.0428147,4.1118364,-1.8384529,3.9895422,-6.22845,1.4661206,-2.7439709,0.038440745287862725,4874.076335174573,2162.6164643618595,2882.2484205042597,0.5708868,/Users/nosolomusica/Desktop/Analisis_de_Datos/Semana8/FINAL_PROYECT/Canciones/New Wave/Ultra Sun_Distress_Rock_New Wave_2024.mp3
110.55304627455168,[123.046875],0.18703817,-152.69612,128.1947,-19.407236,42.525578,-7.9619193,24.278885,-5.9434557,13.030615,3.113643,3.0058107,4.9358788,-1.2744598,-0.35381985,0.29282156,4.275279,1.1679194,5.73009,-0.9695844,-0.44469714,-2.9811175,0.05501022719994876,5907.118173694281,2736.641398878474,3103.7342297348428,0.54423285,/Users/nosolomusica/Desktop/Analisis_de_Datos/Semana8/FINAL_PROYECT/Canciones/New Wave/Boy Harsher_Machina_Rock_New Wave_2022.mp3
102.82983215179316,[103.359375],0.18129478,-145.56183,165.29053,-16.039297,44.635815,-15.123346,14.508154,-11.960151,-0.39182994,-11.142427,0.2081385,-5.4673705,1.956601,-3.2568867,-5.3922033,-1.7356607,-10.16375,-0.8495891,-2.8157551,-1.1747241,-7.0060315,0.04124395691234289,4927.451580836361,2275.642034451225,2840.5046554282535,0.4091417,/Users/nosolomusica/Desktop/Analisis_de_Datos/Semana8/FINAL_PROYECT/Canciones/New Wave/Caminatas Nocturnas_Morir es sólo despertar_Rock_New Wave_2002.mp3
114.70159509969295,[122.2826087],0.066632256,-232.79187,171.76411,-42.413216,18.995783,-11.967516,22.4463,-16.172323,9.330465,-4.7346444,5.9504933,-0.73157775,-0.8892021,4.1432123,-5.2112017,9.097802,-5.3577466,1.4559176,-7.3578997,1.1521279,-5.043318,0.05718228957320301,4700.799110819184,2481.954508927596,2922.249990617249,0.4528966,/Users/nosolomusica/Desktop/Analisis_de_Datos/Semana8/FINAL_PROYECT/Canciones/New Wave/Killing Joke_Love Like Blood _Rock_Dark Wave_1985.mp3
56.90647208397627,[64.59960938],0.09364269,-258.15372,147.3061,-21.872248,39.368248,1.8227757,21.412027,-3.085783,12.684487,1.5566902,-2.3746166,1.7345266,2.8162339,-5.6969223,-5.701222,4.1870713,0.9768842,4.8113146,7.042847,11.368933,-1.5208303,0.03787684389488554,4107.1412073719575,1987.2473615039842,2630.263425784323,0.4672951,/Users/nosolomusica/Desktop/Analisis_de_Datos/Semana8/FINAL_PROYECT/Canciones/New Wave/VVV Trippin You_Nunca Estuvimos Tan Lejos_Rock_New Wave_2019.mp3
131.8062524356976,[139.67483108],0.2026833,-121.223206,149.4849,-52.15728,50.40471,-5.8497524,19.82603,2.94552,6.3097253,3.9361703,6.293636,1.4551482,3.25559,3.6847322,3.4768429,3.1510024,1.4383141,5.402181,-0.69078666,3.303635,-1.0564548,0.05309113004708811,4914.924942746671,2380.666619228129,2559.0879977250816,0.55101883,/Users/nosolomusica/Desktop/Analisis_de_Datos/Semana8/FINAL_PROYECT/Canciones/New Wave/Silent EM_Wraith_ Rock_New Wave_2013.mp3
109.1737016884052,[114.84375],0.25106007,-122.87093,157.48628,-28.744001,46.3291,2.6936805,25.988863,-7.383446,17.456942,0.8792343,6.5874314,1.2340608,6.2136717,1.8075609,0.88929737,5.7510695,-0.6169343,0.5933926,-5.253146,3.2754872,-4.4754477,0.04014869380126025,4359.247286957391,2095.0750443244124,2686.039898439392,0.5409342,/Users/nosolomusica/Desktop/Analisis_de_Datos/Semana8/FINAL_PROYECT/Canciones/New Wave/Sixth June_Drowning_Rock_New Wave_2013.mp3
147.41777329577818,[161.49902344],0.26677537,-86.89519,127.245094,-30.730646,35.823513,-16.995531,34.935093,-11.377821,22.271788,-5.419534,19.142336,2.9005308,10.085678,5.408071,4.004697,2.4196863,-7.6219826,7.3491793,-3.796918,0.15860446,-5.379917,0.06993372468166781,7460.12519944526,3413.024520863055,3646.6112183506757,0.55493826,/Users/nosolomusica/Desktop/Analisis_de_Datos/Semana8/FINAL_PROYECT/Canciones/New Wave/VVV Trippin You_Amianto_Rock_New Wave_2021.mp3
139.29413045124167,[139.67483108],0.22541179,-105.33106,164.87727,-33.149364,37.265686,-12.14775,24.503723,-5.743551,13.269178,-4.915968,4.802155,-0.18884234,7.164988,5.121129,1.82529,0.9553485,-3.545806,0.2790474,-4.8934464,0.18798074,-8.703727,0.045557464962336286,5049.512495031797,2329.3153011081063,2848.4250774180027,0.4811953,/Users/nosolomusica/Desktop/Analisis_de_Datos/Semana8/FINAL_PROYECT/Canciones/New Wave/VVV Trippin You_Invierno nuclear_Rock_New Wave_2020.mp3
123.7640165229825,[129.19921875],0.2427837,-117.09442,138.66806,-17.129086,32.188335,-7.935315,35.69598,-5.238787,19.25692,-6.153274,11.999579,-7.550432,7.8151946,1.9537307,2.3989482,7.536383,-2.7549062,8.964559,-2.01009,-0.52697206,-5.7528424,0.04493592014934109,6522.057054532284,2856.0483314369294,3509.6355561498276,0.5577409,/Users/nosolomusica/Desktop/Analisis_de_Datos/Semana8/FINAL_PROYECT/Canciones/New Wave/VVV Trippin You_Lluvias de Marzo_Rock_New Wave_2021.mp3
125.68599160545645,[151.99908088],0.1872322,-158.29955,133.10902,-29.382147,17.618038,-13.456978,26.483877,-3.5282738,13.13617,-5.6591516,15.737861,1.1451874,12.172835,3.7529142,2.861074,0.91275084,-5.4098186,9.969033,1.7915454,3.6780748,-2.8437538,0.05569556527168178,5869.982985692635,2823.5930314673087,3185.765412341307,0.4424073,/Users/nosolomusica/Desktop/Analisis_de_Datos/Semana8/FINAL_PROYECT/Canciones/New Wave/VVV Trippin You_Matar el Tiempo_Rock_New Wave_2021.mp3
92.51965306652806,[117.45383523],0.16525869,-207.9685,205.0283,1.159109,-15.290761,-4.872955,10.729947,-7.1277013,-0.9069188,-9.473309,-5.036991,-8.481731,-0.20903914,-3.6365626,-3.984506,-6.334881,-6.793686,3.265786,-3.8829136,-2.5410976,-6.5600624,0.031305882517467375,1883.3209519629143,1181.146014001207,1664.5344635272872,0.38967147,/Users/nosolomusica/Desktop/Analisis_de_Datos/Semana8/FINAL_PROYECT/Canciones/New Wave/VVV Trippin You_Monstruo_Rock_New Wave_2021.mp3
92.0717184789679,[129.19921875],0.27107158,-91.683174,117.02493,-28.526207,49.66728,-20.458754,26.786444,-20.171001,19.417543,-9.22808,8.804628,-4.9642,7.042401,-7.412491,-2.932104,3.407455,-1.8289977,5.69029,-4.0072093,6.3687835,-5.695028,0.06809759851660463,7929.585515509815,3575.6513436462897,3778.330477366166,0.48598567,/Users/nosolomusica/Desktop/Analisis_de_Datos/Semana8/FINAL_PROYECT/Canciones/New Wave/Zanias_Unraveled_Rock_New Wave_2021.mp3
107.40327088089427,[120.18531977],0.2168067,-92.55459,101.85402,-31.463863,54.61734,-13.595868,39.246075,-13.908896,33.19361,-4.8250313,12.96544,0.014611808,11.407431,-3.0316908,3.3503313,7.70179,-3.203646,2.2707717,-0.03330233,8.410465,-8.398647,0.08175442852855512,8950.847495738133,4049.98165415642,4080.2151104978752,0.54016894,/Users/nosolomusica/Desktop/Analisis_de_Datos/Semana8/FINAL_PROYECT/Canciones/New Wave/Zanias_Follow the Body_Rock_New Wave_2016.mp3
127.82165890275786,[143.5546875],0.15950528,-194.0387,119.57598,-10.0313225,40.61073,-15.915117,28.99465,-1.8120431,18.693226,0.6966366,5.1536183,3.6128402,6.9305677,6.9776893,3.5395901,5.542965,1.1766083,5.4848557,1.597931,7.123796,0.768718,0.051238883050977777,6128.107769930415,2809.425792377168,3088.272619005241,0.62592846,/Users/nosolomusica/Desktop/Analisis_de_Datos/Semana8/FINAL_PROYECT/Canciones/Remember/Abel Ramos_Das spiegel_Electronica_Remember_1999.mp3
137.7566016062611,[139.67483108],0.15310858,-153.49689,122.659584,-23.948336,49.946915,-13.282074,40.365,-7.025183,24.77455,-5.3886538,13.396313,0.43449402,7.3897247,2.9386654,3.0201998,5.9723496,-0.61632764,5.9606256,-1.1722453,6.3485956,-1.9067632,0.06362556375380794,7270.049028934404,3316.4197111839676,3533.0337508915895,0.5657011,/Users/nosolomusica/Desktop/Analisis_de_Datos/Semana8/FINAL_PROYECT/Canciones/Remember/Allegro_Moments In Love_Electronica_Remember_1999.mp3
138.36025234885716,[139.67483108],0.18445513,-131.09427,132.82127,-34.287514,50.475105,-17.65188,19.149065,-17.398907,6.6256895,-6.9645247,-0.7146671,-2.1618915,-0.119199246,-4.03236,-2.1562464,2.0738378,0.50985235,2.812173,-2.7621446,3.4332395,-4.8342953,0.06361926152604133,6161.79671455149,2899.6534056334194,3131.7346731099087,0.46041587,/Users/nosolomusica/Desktop/Analisis_de_Datos/Semana8/FINAL_PROYECT/Canciones/Remember/Aquagen_Everybody Is Free_Electronica_Remember_2004.mp3
140.2472131544558,[143.5546875],0.19785649,-120.2995,127.10714,-39.141785,50.725563,-14.161155,33.10226,-6.005872,16.587143,-2.837894,6.845,1.0879354,3.5495157,1.0620505,-1.9056833,4.7230835,-4.5554457,3.7767193,-3.6460729,3.530325,-4.3160815,0.07524874921025944,6556.200561774998,3169.100469777434,3163.3429291861053,0.5020294,/Users/nosolomusica/Desktop/Analisis_de_Datos/Semana8/FINAL_PROYECT/Canciones/Remember/Butcher_Don't let the Sun go down_Electronica_Remember_2003.mp3
136.92257580303084,[139.67483108],0.16304487,-155.09651,130.79968,-12.394122,44.03357,-10.095835,33.274487,-5.1675534,19.134552,-3.0564451,7.268269,3.1302493,3.5526447,7.645416,0.68742746,7.976087,-2.5278852,6.0857587,-2.4967904,5.2985525,-1.1384369,0.048831216409170076,6450.717247897941,2818.407689942365,3374.8718355136575,0.5789776,/Users/nosolomusica/Desktop/Analisis_de_Datos/Semana8/FINAL_PROYECT/Canciones/Remember/C Base _In The Beginning_Electronica_Remember_2003.mp3
138.74705062810042,[139.67483108],0.14028251,-179.16068,137.8253,-24.650272,47.122803,-6.7142816,23.406946,-4.5601454,11.409514,-0.1986527,3.0692604,0.3938415,1.0539565,1.2193366,0.010593434,3.564061,1.3505878,3.4764757,2.1897242,3.1284862,-1.1679205,0.05236266040585469,5509.449924046493,2553.181919377525,2983.772360424996,0.49661174,/Users/nosolomusica/Desktop/Analisis_de_Datos/Semana8/FINAL_PROYECT/Canciones/Remember/Dave 202_Baracuda_Electronica_Remember_2001.mp3
155.98554940767434,[161.49902344],0.25902796,-114.66709,121.90071,-42.698917,65.40984,-26.582165,35.22319,-6.4582214,9.2385025,7.152647,0.019426607,12.83272,-5.745711,12.351758,-6.8831925,8.192161,-3.0976307,2.5149863,2.7609677,-2.9226918,5.155988,0.08011721011283336,7293.895437556766,3447.0284613336053,3311.061935848971,0.58907145,/Users/nosolomusica/Desktop/Analisis_de_Datos/Semana8/FINAL_PROYECT/Canciones/Remember/David_Max Apology_Electronica_Remember_2000.mp3
98.58297480987288,[99.38401442],0.13496639,-172.06299,157.21878,-51.426445,36.616276,-22.638395,24.8719,-6.1678905,11.2530775,-0.27500245,-2.2597687,6.0297933,-5.257127,9.254167,-3.6810246,7.4267373,-1.2091149,4.811763,3.300581,6.6007733,5.8664412,0.05729086239009359,5144.183786345034,2486.556180059025,2627.9170647157025,0.5050564,/Users/nosolomusica/Desktop/Analisis_de_Datos/Semana8/FINAL_PROYECT/Canciones/Remember/Dj Crivi_Mankell (Gaupasa Version)_Electronica_Remember_2001.mp3
153.18839987660914,[156.60511364],0.27238652,-90.378716,115.7125,-29.707138,49.594757,-24.321928,35.750614,-15.328393,21.258493,-8.3774185,11.993652,-6.1020265,6.9278917,-1.3869232,1.596069,2.0564847,-2.1498067,5.7591753,-4.0156913,8.471689,-5.2520804,0.06746883851784156,7953.9458325552305,3630.2963224500136,3862.7950710563164,0.571749,/Users/nosolomusica/Desktop/Analisis_de_Datos/Semana8/FINAL_PROYECT/Canciones/Remember/Dj Rai_A Hidde Place_Electronica_Remember_2001.mp3
136.38715815003764,[139.67483108],0.22358707,-155.22955,98.99813,-13.369272,56.199585,-9.355729,36.11258,-7.2233973,20.750372,-3.708536,8.66148,-0.92016566,3.0983627,-1.7202249,-2.5796034,0.8152324,-4.3521695,4.5391965,-1.7930495,4.4947424,-4.229771,0.09020761971384367,7603.388910353131,3664.0019603546402,3468.833437253034,0.6037843,/Users/nosolomusica/Desktop/Analisis_de_Datos/Semana8/FINAL_PROYECT/Canciones/Remember/Dj Liberty_Seguro_Electronica_Remember_2004.mp3
143.79814807412095,[143.5546875],0.15680957,-161.24913,129.78853,-29.479116,42.97712,-13.736622,29.423555,-2.287404,13.243715,-0.8498239,2.899715,2.6390522,-0.5224251,4.5917077,-0.95016485,6.2226753,-0.5627395,6.908014,-1.4965646,3.0181518,-0.85788447,0.06765003054817022,6176.897974508217,2872.3204209310447,3140.206455554192,0.55484176,/Users/nosolomusica/Desktop/Analisis_de_Datos/Semana8/FINAL_PROYECT/Canciones/Remember/Jesus Elices_Maximizing the Audience_Electronica_Remember_2001.mp3
98.82080009088875,[99.38401442],0.1708383,-154.60811,130.4643,-21.073484,44.987587,-9.723671,31.782846,-5.8654175,22.823906,-6.0462976,11.328928,-2.8832753,7.329692,1.1462228,4.191123,2.1104171,-0.0066511384,5.611562,-2.6021,5.5670395,-4.798628,0.04420923806156267,6492.009886714565,2843.0894033887885,3564.006350917827,0.5810801,/Users/nosolomusica/Desktop/Analisis_de_Datos/Semana8/FINAL_PROYECT/Canciones/Remember/Espada y Vidar_Sienteme_Electronica_Remember_2004.mp3
138.63212642877056,[139.67483108],0.17009546,-173.07143,92.14467,-21.946857,53.066364,-10.582471,22.25018,-6.6503153,17.299854,-5.1032596,12.309088,2.0396605,7.1237,4.132263,2.884903,4.984974,-2.4583423,1.6236246,-2.0435889,6.622779,0.38699794,0.09040148322311362,7371.53764974523,3729.972456486174,3459.5812751912476,0.5610283,/Users/nosolomusica/Desktop/Analisis_de_Datos/Semana8/FINAL_PROYECT/Canciones/Remember/Fiocco_Afflitto_Electronica_Remember_1997.mp3
131.05532309111834,[135.99917763],0.13958769,-159.39,137.16098,-27.28033,51.710823,4.0615563,25.634274,-2.9170442,12.516522,3.2394316,5.4721527,-0.66108155,0.15419602,0.016029296,-1.765545,3.8145475,-0.84888834,3.1153922,1.2118467,2.4570792,-4.213824,0.05028134254459502,5474.4129173187675,2530.7503483196097,3007.5152323174952,0.4776097,/Users/nosolomusica/Desktop/Analisis_de_Datos/Semana8/FINAL_PROYECT/Canciones/Rock Baladas/4 Non Blondes_What's Up_Rock_Rock Baladas_1993.mp3
139.15566745403473,[139.67483108],0.2013046,-92.27714,141.15613,-53.141865,50.76395,-10.218509,27.763159,-1.6403697,14.094645,-2.6055422,11.060981,1.6832113,3.1690085,3.3229153,-1.3677979,3.2937417,-1.339143,2.8940108,-4.394212,3.263635,-4.7516055,0.07463989517573415,5932.321396707423,2920.493275165949,2982.9054574666766,0.48504698,/Users/nosolomusica/Desktop/Analisis_de_Datos/Semana8/FINAL_PROYECT/Canciones/Rock Baladas/Aerosmith_Amazing_Rock_Rock Baladas_1993.mp3
116.00056759597082,[120.18531977],0.18340106,-112.2781,166.35373,-43.333527,39.60832,-11.875309,24.276058,-10.275614,8.301068,-6.3048663,9.33833,-0.09881357,0.88041276,0.29013872,0.6563072,2.3812697,-1.5875727,1.8640288,-1.3261309,3.1297987,-5.2817864,0.05856600256647301,4784.067696689609,2373.205908274087,2737.7807096762144,0.40262324,/Users/nosolomusica/Desktop/Analisis_de_Datos/Semana8/FINAL_PROYECT/Canciones/Rock Baladas/Aerosmith_I Don't Want to Miss a Thing_Rock_Rock Baladas_1998.mp3
138.2960238760704,[139.67483108],0.04646358,-257.73123,166.54324,-51.817413,28.978092,-14.938506,3.2408173,-13.464575,3.6520853,1.8715924,-6.228509,1.95671,0.16645414,-0.62119013,-5.5867486,-1.1818236,-2.8909762,-0.21454093,-1.0421581,-0.6718121,-3.4327178,0.06276464940535183,4325.851912862364,2285.2244706372658,2444.7316259641366,0.3375652,/Users/nosolomusica/Desktop/Analisis_de_Datos/Semana8/FINAL_PROYECT/Canciones/Rock Baladas/Air Supply_Making Love Out Of Nothing At All_Rock_Rock Baladas_1983.mp3
59.4700000622696,[68.90625],0.03322106,-338.26053,182.59718,-40.107906,32.252857,-0.0823042,6.851692,7.9685054,-0.10555072,6.858437,-3.2872066,-5.0748305,1.6450163,-0.93900084,-5.095424,-0.8386834,-4.410391,-3.2601776,-3.4698818,-2.5389094,-4.692118,0.048059717465753424,3326.2261100949563,1727.1962129677295,1905.3348600100157,0.3677135,/Users/nosolomusica/Desktop/Analisis_de_Datos/Semana8/FINAL_PROYECT/Canciones/Rock Baladas/Alias_More Than Words Can Say_Rock_Rock Baladas_1990.mp3
95.03102765200518,[95.703125],0.1421651,-115.13778,138.83794,-40.11286,48.4576,-25.497337,25.859915,-16.244871,14.540206,-4.487751,5.8351245,-3.658613,4.322412,-3.8614826,-3.4996917,3.3676467,-1.806289,4.4106364,-4.378041,4.557157,-3.620886,0.07570570119398244,6979.709487883316,3204.808152309913,3392.6832046217132,0.4107767,/Users/nosolomusica/Desktop/Analisis_de_Datos/Semana8/FINAL_PROYECT/Canciones/Rock Baladas/Berlin_Take My Breath Away_Rock_Rock Baladas_1986.mp3
138.39672567467196,[148.02631579],0.2206006,-99.5501,165.57602,-66.69301,45.034344,-10.6096325,14.977089,4.524758,-3.5218863,12.708838,-0.4980263,3.4762583,4.6914196,2.1927462,6.7804375,-8.026977,6.587652,-6.3671703,5.902663,-2.5825713,-1.3394411,0.07176112966337078,5502.767848853403,2722.813195829365,2722.7046241185576,0.42615786,/Users/nosolomusica/Desktop/Analisis_de_Datos/Semana8/FINAL_PROYECT/Canciones/Rock Baladas/Bon Jovi_I'll Be There For You_Rock_Rock Baladas_1988.mp3
119.81525086035138,[126.04801829],0.052076846,-276.38657,167.06197,-47.864338,62.701298,3.1123917,-4.3863244,8.548928,-6.307182,17.850113,-5.3626585,4.13185,8.500421,-1.0563831,9.587378,-1.0158193,-0.7291396,-3.6615782,-3.3750978,-3.762999,-5.5503154,0.0568909672501132,4255.648322974445,2021.0552628170014,2155.3531632520553,0.4058462,/Users/nosolomusica/Desktop/Analisis_de_Datos/Semana8/FINAL_PROYECT/Canciones/Rock Baladas/Boston_Amanda_Rock_Rock Baladas_1986.mp3
68.21444838701458,[84.72079918],0.08154061,-209.02275,134.45981,-47.87941,24.415459,-20.592516,10.616321,-9.866589,1.3337634,-5.699559,-2.9152453,-3.4037378,-3.120688,-2.8860402,-9.262028,-3.8425412,-7.542491,-3.3779032,-7.1297903,-5.1809707,-8.622401,0.06726434401754319,4967.3982051912935,2513.259437469389,2580.3652018542284,0.3422195,/Users/nosolomusica/Desktop/Analisis_de_Datos/Semana8/FINAL_PROYECT/Canciones/Rock Baladas/Bryan Adams_Straight From The Heart_Rock_Rock Baladas_1983.mp3
93.15598158117591,[93.96306818],0.12393512,-204.37344,155.11903,-28.15691,66.66331,0.14451331,3.977501,14.36021,-7.2204514,21.131561,-10.050751,0.055798307,7.9835386,-13.296794,3.9443643,-3.7400312,-1.8321127,-0.29165018,-7.8278613,1.254062,-3.8061,0.04477786850541342,4516.985622150585,1974.034138613244,2346.2258984565688,0.36638442,/Users/nosolomusica/Desktop/Analisis_de_Datos/Semana8/FINAL_PROYECT/Canciones/Rock Baladas/Captain and Tennille_Do that to me one more time_Rock_Rock Baladas_1979.mp3
89.84095382963494,[93.96306818],0.076172516,-227.62994,146.4978,-10.270205,40.698765,-12.994845,22.20842,-4.564873,17.155325,-10.332839,5.8820887,1.6721275,-1.0206473,5.349275,-1.5834585,8.202274,-1.9374267,3.9191074,-2.8013456,-2.2107642,-6.1841054,0.04309988867816606,5561.682104565833,2411.435033901889,3220.410879819857,0.4333915,/Users/nosolomusica/Desktop/Analisis_de_Datos/Semana8/FINAL_PROYECT/Canciones/Rock Baladas/Crowded House_Weather With You_Rock_Rock Baladas_1992.mp3
127.1151614404973,[127.84090909],0.15580317,-202.60995,173.7944,-40.051197,46.730106,11.599737,11.237407,12.36047,8.699592,7.1249437,-4.853182,8.160986,3.222043,2.2211206,-0.20446308,-2.946835,1.5808669,-2.5933928,0.20103385,-0.6096561,-3.2697022,0.040416790931788064,3703.6925632938623,1829.1326300462197,2142.6249039932886,0.47796878,/Users/nosolomusica/Desktop/Analisis_de_Datos/Semana8/FINAL_PROYECT/Canciones/Rock Baladas/Deep Purple_Child in Time_Rock_Rock Baladas_1968.mp3
131.42660042670897,[135.99917763],0.11916222,-151.29633,149.95154,-35.165928,42.199673,-19.466484,25.64563,-23.061747,14.516746,-6.3797207,6.3916764,-2.461903,-1.2917906,3.6086514,-6.883329,4.04345,-9.889835,2.4964614,-9.138331,3.9792156,-7.501966,0.06589041276024915,6014.728096505934,2805.096630761882,3240.4421986822617,0.36859578,/Users/nosolomusica/Desktop/Analisis_de_Datos/Semana8/FINAL_PROYECT/Canciones/Rock Baladas/Europe_Carrie_Rock_Rock Baladas_1986.mp3
78.3843399510049,[81.52173913],0.15354578,-164.49835,175.76982,-35.86226,53.21355,-11.273027,19.649302,-0.18567017,-3.0071583,3.922231,-5.378531,2.4103696,-8.928349,2.4423044,-7.74376,0.33951852,-4.2957172,-6.181448,1.5228876,-5.764964,0.5033069,0.04865093486638992,4689.5593005548835,2242.0637610896797,2574.396041899163,0.45432964,/Users/nosolomusica/Desktop/Analisis_de_Datos/Semana8/FINAL_PROYECT/Canciones/Rock Baladas/Paul Young_Every time go you away_Rock_Rock Baladas_1985.mp3
88.04235331864437,[92.28515625],0.105274126,-255.76854,166.47404,-6.0994844,45.85262,-13.265699,5.426089,1.2647543,-9.387562,4.3549995,-4.5827866,-5.9004993,-4.7785974,2.570115,-0.89879704,-3.4400694,-3.1567354,-9.760295,-3.8971155,-7.8690176,-9.542533,0.03342516176520692,3277.9740881985927,1653.4850574284335,2303.548407055071,0.36236095,/Users/nosolomusica/Desktop/Analisis_de_Datos/Semana8/FINAL_PROYECT/Canciones/Rock Baladas/Extreme_More Than Words_Rock_Rock Baladas_1990.mp3
119.90441689944133,[123.046875],0.22088881,-154.61719,175.90675,-28.318933,64.69593,-8.783471,2.890273,1.616675,-11.625,-3.796679,-7.765544,-7.8375244,-6.931221,-4.654519,-3.9765,-3.6310034,-5.2905703,-1.0906558,-2.9191675,-3.8581984,-6.2240853,0.035635902897523226,4067.033261241129,1816.005194337751,2389.275468115485,0.35402963,/Users/nosolomusica/Desktop/Analisis_de_Datos/Semana8/FINAL_PROYECT/Canciones/Rock Baladas/F.R David_Words_Rock_Rock Baladas_1982.mp3
135.29340856964137,[147.65625],0.14517957,-120.63353,126.95483,-37.42271,49.812763,-7.1337996,31.009855,-16.562923,16.183279,-4.0618157,8.355818,-4.5040126,3.9196022,-3.0076878,-0.35490847,1.8726403,-2.1116197,3.650382,-6.536794,4.1796713,-6.2673798,0.07345428205213594,6876.519619571827,3110.629144062125,3349.348067065271,0.44361782,/Users/nosolomusica/Desktop/Analisis_de_Datos/Semana8/FINAL_PROYECT/Canciones/Rock Baladas/Firehouse_When I Look Into Your Eyes_Rock_Rock Baladas_1992.mp3
93.8247515947007,[97.50884434],0.16556622,-124.003456,149.72865,-44.016403,42.90518,-26.161598,25.568544,-12.946194,9.168642,-1.5471642,-3.2390642,6.0759354,-5.411362,11.970139,-7.3775935,8.062677,-4.107678,1.1698828,1.0438356,-2.27506,3.9961236,0.07160044824562871,6057.257670582848,2783.864405043917,2995.2475432628657,0.37529892,/Users/nosolomusica/Desktop/Analisis_de_Datos/Semana8/FINAL_PROYECT/Canciones/Rock Baladas/Gary Moore_Empty Rooms_Rock_Rock Baladas_1984.mp3
94.48225890936735,[126.04801829],0.032497127,-308.55453,141.18832,-40.525593,31.515533,-4.436491,27.645952,-3.5301628,10.730876,-0.9040296,9.136979,-0.5477116,4.1473207,0.8460165,-0.9560536,4.296402,-0.49203414,0.21288492,-3.4155414,3.3983052,-3.5014138,0.0547639642607168,5402.076757008566,2631.663836903737,2996.0792636167653,0.5278519,/Users/nosolomusica/Desktop/Analisis_de_Datos/Semana8/FINAL_PROYECT/Canciones/Rock Baladas/Guns N' Roses_Don't Cry_Rock_Rock Baladas_1991.mp3
84.35924663928304,[87.59269068],0.14960267,-147.30215,154.55739,-35.82807,38.23464,-11.504939,12.171751,-10.946289,4.795819,-6.4791465,-1.4660957,-5.4000773,-3.2132733,-4.085644,-5.86446,-1.4786572,-1.9824228,2.5413864,-2.8805633,0.12891263,-5.508676,0.05835480551888302,4693.3078980136825,2357.731811953488,2675.178923771739,0.33846825,/Users/nosolomusica/Desktop/Analisis_de_Datos/Semana8/FINAL_PROYECT/Canciones/Rock Baladas/Heart_Alone_Rock_Rock Baladas_1987.mp3
139.8737980769231,[147.65625],0.108252786,-173.55936,136.2507,-30.836992,48.071842,-7.25549,27.76933,-4.2375774,11.357561,3.2887285,7.725203,4.2612467,-0.21691422,2.9259758,-0.43035132,-2.2613394,-5.9787006,-3.116432,-3.4182909,1.735481,-5.2034082,0.06171406242235896,6009.912212896384,2796.0622306388573,3123.5364444299316,0.47503656,/Users/nosolomusica/Desktop/Analisis_de_Datos/Semana8/FINAL_PROYECT/Canciones/Rock Baladas/Iron Maiden_Wasting love_Rock_Rock Baladas_1986.mp3
124.3773434775026,[126.04801829],0.12913826,-237.79182,188.01819,-10.518889,28.249836,13.109459,4.116339,5.4639406,-4.5900097,-2.2656083,-0.46625772,2.186117,-0.55663115,-2.8990078,-4.080817,-4.9074163,-7.0277596,-5.950837,-4.7372985,-6.6802826,-8.506137,0.02617557053093937,2161.8482269853007,1185.376682955382,1756.9942254610621,0.40535316,/Users/nosolomusica/Desktop/Analisis_de_Datos/Semana8/FINAL_PROYECT/Canciones/Rock Baladas/Kansas_Dust in the Wind_Rock_Rock Baladas_1977.mp3
96.20888256665866,[101.33272059],0.04175226,-306.96884,176.81467,-30.839571,60.26696,-12.15117,14.564178,6.692876,-3.219535,2.2323902,-12.079435,6.3054733,-9.496402,0.8274815,-3.6828609,-4.170501,-1.2058501,-8.464651,4.4806747,-2.8037179,1.6663238,0.05290930709921334,4141.3102103423125,1995.8767680444769,2267.6572433261395,0.44000632,/Users/nosolomusica/Desktop/Analisis_de_Datos/Semana8/FINAL_PROYECT/Canciones/Rock Baladas/Phil Collins_Another Day In Paradise_Rock_Rock Baladas_1989.mp3
79.92651835011367,[89.28571429],0.16937573,-162.08961,152.6345,-1.5490264,37.256756,-2.102983,23.627598,-11.21476,8.6268215,-5.352237,6.689154,-8.504063,8.660574,-5.1325817,0.25295153,-3.1104932,4.2034636,-3.24721,0.65531564,-1.9348729,-3.6070375,0.04434572175790606,5636.626933382048,2593.843996087625,3542.687837936692,0.41629344,/Users/nosolomusica/Desktop/Analisis_de_Datos/Semana8/FINAL_PROYECT/Canciones/Rock Baladas/Richard Marx_Right Here Waiting_Rock_Rock Baladas_1989.mp3
160.2234523944621,[161.49902344],0.032716166,-280.45215,149.23793,-46.757797,59.623676,-22.884186,23.746634,-9.787277,14.43708,-0.29201993,-2.387731,8.162828,-0.6576519,8.063225,-1.0599347,7.592018,-3.141173,6.438849,-2.6000867,-0.6504359,1.1152221,0.07233495202782443,6020.02423653389,2854.6759619937793,3029.9954130133574,0.43246397,/Users/nosolomusica/Desktop/Analisis_de_Datos/Semana8/FINAL_PROYECT/Canciones/Rock Baladas/Roxette_It Must Have Been Love_Rock_Rock Baladas_1987.mp3
107.08041958041959,[107.66601562],0.1707879,-118.243126,162.4903,-62.618572,45.428745,5.194031,14.92062,-10.558364,5.8343253,-5.0269074,-2.1063564,-2.8759398,0.39751646,-3.2185948,-3.6898978,-1.6322527,-5.532719,0.7429978,-4.983549,-1.9291546,-5.7094984,0.0719790255940562,4594.75631420771,2457.281268095676,2497.113881187242,0.38633248,/Users/nosolomusica/Desktop/Analisis_de_Datos/Semana8/FINAL_PROYECT/Canciones/Rock Baladas/Scorpions_Send Me An Angel_Rock_Rock Baladas_1990.mp3
100.06555062525211,[107.66601562],0.08112769,-206.81146,141.19281,-35.93088,42.03961,-9.047651,16.714493,-25.27304,14.72032,-9.523778,0.037324253,-4.5253096,2.456361,-2.2081587,-1.7400523,-0.629374,-7.958717,1.2496198,-5.148599,6.292109,-5.3516235,0.07099535712304869,6100.379636653044,2919.559887506576,3269.75450920328,0.3931199,/Users/nosolomusica/Desktop/Analisis_de_Datos/Semana8/FINAL_PROYECT/Canciones/Rock Baladas/Scorpions_Still Loving You_Rock_Rock Baladas_1984.mp3
73.83418692010838,[75.99954044],0.15253137,-147.10889,146.56027,-38.884155,50.193897,1.9869082,16.534689,-10.648889,7.0484986,-3.0157752,-1.1480421,0.15503578,1.2313489,-1.7478893,0.67866904,1.5986805,-6.1115637,-0.2477579,-4.7004557,-0.56829065,-4.254789,0.0702753963178394,4783.45004389099,2476.009218326518,2646.3293290921815,0.44123417,/Users/nosolomusica/Desktop/Analisis_de_Datos/Semana8/FINAL_PROYECT/Canciones/Rock Baladas/Scorpions_Wind Of Change_Rock_Rock Baladas_1991.mp3
125.52017902010049,[135.99917763],0.060675483,-238.44684,129.09831,-33.456215,39.850803,-4.480795,29.64718,-15.921516,17.256762,-5.7888956,6.8919473,-3.600902,6.921345,2.8940704,2.6161864,3.4461553,0.04358427,4.9978957,-1.0060527,3.1541004,-8.044967,0.07231938948778664,6751.760528959995,3156.3532332177206,3524.891508075443,0.41408435,/Users/nosolomusica/Desktop/Analisis_de_Datos/Semana8/FINAL_PROYECT/Canciones/Rock Baladas/Steelheart_She's Gone_Rock_Rock Baladas_1990.mp3
81.97093143290923,[85.22727273],0.2256748,-77.9711,134.32367,-44.314774,47.94201,-21.529259,37.076588,-14.957856,14.427933,-2.7863233,6.8037953,-2.4475994,3.4043982,3.6029387,-3.8155022,3.1010263,-3.8684442,2.7825005,-6.6312537,5.6782928,-7.084425,0.08210205910618928,7469.569551003668,3476.5162147416413,3556.4661622667036,0.4707463,/Users/nosolomusica/Desktop/Analisis_de_Datos/Semana8/FINAL_PROYECT/Canciones/Rock Baladas/Tears For Fears_Sowing The Seeds Of Love_Rock_Rock Baladas_1989.mp3
78.58496198459888,[83.35433468],0.11079601,-206.02579,176.98006,-30.168722,47.282856,-0.89299935,6.970494,8.416603,-0.054260686,3.8792765,-1.0021272,-0.4435142,-0.69920284,0.43420637,-2.5150757,0.97199005,-2.3359559,-3.0957315,-2.7299187,-2.9905405,-3.3729188,0.03393634405916467,3753.681527353459,1747.4379317460566,2302.4358900864777,0.46014094,/Users/nosolomusica/Desktop/Analisis_de_Datos/Semana8/FINAL_PROYECT/Canciones/Rock Baladas/The Cars_Drive _Rock_Rock Baladas_1984.mp3
91.81131090141997,[96.98275862],0.07080578,-208.82803,142.6137,-35.258625,52.91191,-9.420449,29.382483,-7.717411,6.8309374,0.009902537,0.39412966,0.84018433,-0.3350773,4.575957,-4.4985056,3.2834048,-1.3508828,1.795051,-3.1953886,3.2338703,-4.0046997,0.0646969738662809,6294.1377504088305,2957.463647956129,3308.1356163290384,0.45958412,/Users/nosolomusica/Desktop/Analisis_de_Datos/Semana8/FINAL_PROYECT/Canciones/Rock Baladas/Toto_I Won't Hold You Back_Rock_Rock Baladas_1982.mp3
59.44213041271989,[69.83741554],0.13213652,-201.06284,185.07031,-34.483166,32.429214,3.3173742,-3.9733932,10.0073805,-8.537749,9.225222,-2.2336662,-5.0603213,8.299438,-4.87261,-1.7765535,-1.4415408,-6.483174,-3.1423512,-6.8925157,-4.1837096,-8.18374,0.04560376618201926,2993.1197169569673,1545.1244431016437,1657.1208062657095,0.37893626,/Users/nosolomusica/Desktop/Analisis_de_Datos/Semana8/FINAL_PROYECT/Canciones/Rock Baladas/Sheriff_When I'm with you_Rock_Rock Baladas_1982.mp3
60.86660364768682,[67.11647727],0.09553423,-266.2936,137.1918,-14.201547,28.575857,7.605243,12.189573,-11.710016,4.3015714,0.7488481,-9.062907,0.560608,3.1006658,-5.185535,-4.82356,-2.4057674,-3.4087644,-0.03020017,0.7407509,1.5438712,-2.4914718,0.045489816114170724,4180.678000390542,2117.252755676812,2665.9622058827526,0.30963096,/Users/nosolomusica/Desktop/Analisis_de_Datos/Semana8/FINAL_PROYECT/Canciones/Rock Baladas/Whitney Houston_I Will Always Love You_Rock_Rock Baladas_1992.mp3
155.46248382611304,[170.45454545],0.056829385,-273.4269,154.08441,-27.30321,44.36437,-4.117559,23.40753,-4.4436502,7.321044,0.480482,1.7027102,-0.74204296,-3.6578104,4.388859,-7.148737,1.8864892,-2.7275531,2.989248,-3.0746822,-2.182708,-4.40753,0.04324428013392857,4858.398008241758,2268.3374014583774,2799.344539173081,0.44843537,/Users/nosolomusica/Desktop/Analisis_de_Datos/Semana8/FINAL_PROYECT/Canciones/Rock Baladas/Williams Brothers_Can't Cry Hard Enough_Rock_Rock Baladas_1992.mp3
90.05302375801872,[95.33898305],0.1028934,-226.78741,172.77203,-11.983889,43.703377,-17.641775,6.4487085,-1.5761377,-1.3670183,15.994715,-11.035766,9.837879,-4.719377,0.34090194,8.837583,-3.3694293,5.8773556,-6.9343324,-0.7758068,-1.2906448,-1.7669863,0.0375130015441317,4502.035072995317,1989.3340870473908,2570.248891570823,0.43202022,/Users/nosolomusica/Desktop/Analisis_de_Datos/Semana8/FINAL_PROYECT/Canciones/Rock Baladas/Eric Clapton_Wonderful tonight_Rock_Rock Baladas_1977.mp3
125.42566715924895,[132.51201923],0.29236835,-114.30213,147.97118,-38.115334,50.29908,-1.8969392,37.3455,-6.947571,7.5235596,-1.916087,0.9438076,0.923269,-0.8089719,3.131718,-5.6103387,-0.4287714,-5.791645,-5.4380064,-3.4244316,-0.27359965,-7.620278,0.056045221342396215,5205.065273706409,2443.2769479692943,2750.971409330995,0.41098234,/Users/nosolomusica/Desktop/Analisis_de_Datos/Semana8/FINAL_PROYECT/Canciones/Rock en Español/Albertucho y Kutxi Romero_Mi estrella_Rock_Rock en Español_2004.mp3
76.76093981936036,[86.1328125],0.2068062,-112.23041,152.71422,-28.06433,55.892986,-4.637412,15.815769,-11.922301,9.3608055,-5.1225753,1.3944498,4.066394,1.7143406,2.2239172,4.9188566,2.4250398,-4.1943417,0.2619448,0.062099285,-0.7577941,-5.5016613,0.0489170636947195,5521.940365305555,2478.5500367828386,3047.666255987612,0.46495655,/Users/nosolomusica/Desktop/Analisis_de_Datos/Semana8/FINAL_PROYECT/Canciones/Rock en Español/Los Suaves_Dolores se llamaba Lola_Rock_Rock en Español_1989.mp3
88.85022487593052,[95.703125],0.24185628,-86.57141,160.19174,-54.574184,56.978287,-13.507083,16.34736,-8.448241,5.528895,1.2871965,0.9096101,10.554427,-9.616013,8.225106,-4.303203,1.3275217,-2.423548,-0.099072315,-2.1045988,-6.6511836,-2.136659,0.06512432061203993,5301.494454472699,2577.359392606386,2702.828837667972,0.43241513,/Users/nosolomusica/Desktop/Analisis_de_Datos/Semana8/FINAL_PROYECT/Canciones/Rock en Español/El Último Ke Zierre_Tus Bragas_Rock_Rock en Español_2003.mp3
150.63724465416317,[161.49902344],0.098745,-174.23317,148.68143,-50.347363,31.473433,0.20895311,22.198935,-21.047651,10.747724,-7.675587,8.69613,-2.757411,1.3971897,-1.3792969,-0.7343399,4.490784,-2.5576565,0.7178704,-7.095165,2.8659544,-5.6522894,0.06812356049916383,5319.09857734389,2675.4407149672156,2845.7305967712405,0.42886436,/Users/nosolomusica/Desktop/Analisis_de_Datos/Semana8/FINAL_PROYECT/Canciones/Rock en Español/Eskorbuto_Historia Triste_Rock_Rock en Español_1986.mp3
96.93728018757328,[107.66601562],0.20852128,-119.68158,165.88017,-97.26335,67.442314,9.754041,15.231377,16.987383,-15.1675005,31.552792,-6.494885,1.5517118,8.450779,-8.591178,17.25909,-8.1654415,-5.145344,1.3187569,-6.592702,6.1661396,-12.244214,0.07623322765175104,5129.436480007693,2644.612421885839,2296.64585817613,0.52919155,"/Users/nosolomusica/Desktop/Analisis_de_Datos/Semana8/FINAL_PROYECT/Canciones/Rock en Español/Eskorbuto_Mucha policía, poca diversión_Rock_Rock en Español_1983.mp3"
103.55091426337734,[112.34714674],0.21674532,-132.28464,144.50778,-20.217073,50.154167,-5.3517556,25.259808,-11.180049,9.460787,-7.27749,0.7470349,-5.5114684,-2.2730925,-2.9655988,-6.1745086,-0.6127784,-7.2318263,-0.25787973,-7.0175657,-0.7256542,-6.589797,0.04607721445151141,5513.214088000786,2451.947265197489,3104.2266873833373,0.41117293,/Users/nosolomusica/Desktop/Analisis_de_Datos/Semana8/FINAL_PROYECT/Canciones/Rock en Español/Héroes del Silencio_La chispa adecuada_Rock_Rock en Español_2003.mp3
128.5964230171073,[132.51201923],0.17705385,-105.31145,134.6196,-42.393444,58.040333,-15.674224,28.332804,-9.929729,18.637539,-3.351274,4.68356,0.16562666,6.0993347,-1.1247562,-0.96457976,3.4678845,-3.6651292,2.4237475,-6.8253884,3.1993442,-4.581389,0.07370273765267846,6558.369446999132,3083.6228074876285,3246.7343039660345,0.45016155,/Users/nosolomusica/Desktop/Analisis_de_Datos/Semana8/FINAL_PROYECT/Canciones/Rock en Español/Mago de Oz_La Costa Del Silencio_Rock_Rock en Español_2003.mp3
141.45430538966855,[147.65625],0.17994983,-152.37662,157.37645,-31.930523,41.724022,5.630464,17.656078,-0.5263997,9.421249,-4.016836,1.691635,0.047570646,1.8492434,3.2577279,0.9058906,3.1019573,-3.222441,-1.8226453,-2.3047652,0.5570987,-4.36967,0.04836040040277432,4533.601336036639,2214.246622114098,2613.460820878679,0.482467,/Users/nosolomusica/Desktop/Analisis_de_Datos/Semana8/FINAL_PROYECT/Canciones/Rock en Español/Lobo_Hombre en París_Rock_Rock en Español_1984.mp3
96.26338810537521,[97.50884434],0.30898458,-78.09999,181.09634,-41.641582,51.162586,-18.901442,23.02224,-1.7242312,-1.5261247,16.287592,-11.0748825,14.431439,-1.1686946,11.635092,4.775501,-2.7663064,4.2852144,-8.14839,5.1347094,-4.3110814,0.78015846,0.043907612484201074,4519.15077433797,2060.870976791939,2543.320379103706,0.5010489,/Users/nosolomusica/Desktop/Analisis_de_Datos/Semana8/FINAL_PROYECT/Canciones/Rock en Español/Loquillo_La mataré_Rock_Rock en Español_1987.mp3
152.02912418467517,[151.99908088],0.09262695,-169.9483,157.4006,-59.70975,38.584198,-11.67514,19.558065,-17.042988,0.37760365,1.178541,0.42958108,1.7228279,-2.9512978,4.3874116,-4.8344054,2.0880075,-1.8297921,0.29717663,-3.7201674,-0.09214015,-4.4017844,0.07200211043272557,4944.379380489364,2525.1723704367437,2611.0741272071305,0.47829273,/Users/nosolomusica/Desktop/Analisis_de_Datos/Semana8/FINAL_PROYECT/Canciones/Rock en Español/Los Enemigos_John Wayne_Rock_Rock en Español_1988.mp3
94.16761569781505,[95.703125],0.13417345,-127.39235,155.96243,-62.38409,68.03732,-30.76454,25.435009,-7.769174,2.6321907,1.1686242,-12.944758,8.930479,-13.588658,4.196308,-4.8997736,0.6763646,-4.8370733,-0.8215056,1.1360224,-4.156157,1.5326078,0.08211819071355868,6330.331176211604,2975.4542887880057,2939.1518945124544,0.45398042,/Users/nosolomusica/Desktop/Analisis_de_Datos/Semana8/FINAL_PROYECT/Canciones/Rock en Español/Los Rodríguez_Sin documentos_Rock_Rock en Español_1993.mp3
131.50356313698538,[147.65625],0.14285937,-165.55574,141.15929,-15.733459,48.172626,-7.954206,27.15586,-11.089295,18.316584,-6.6734533,8.351744,-3.0111856,8.878523,1.04861,4.6492662,4.137849,-2.4216168,3.3686419,-3.226846,6.127003,-4.789474,0.04743165601218613,5704.383658729759,2589.2674604512163,3270.064849763197,0.49913883,/Users/nosolomusica/Desktop/Analisis_de_Datos/Semana8/FINAL_PROYECT/Canciones/Rock en Español/Mago de Oz_La posada de los muertos_Rock_Rock en Español_2005.mp3
121.83389681043396,[123.046875],0.32508078,-61.03312,151.02531,-39.677925,60.35834,-2.0487833,26.565178,-14.12803,10.087217,-4.1038117,8.909055,-4.8527617,0.20922777,1.7711655,-0.50773185,0.29806906,-4.6371307,-2.0408435,-7.796114,2.0215535,-6.655507,0.050349357902273434,5581.385487302485,2570.4499567255816,3051.172007168489,0.48510757,/Users/nosolomusica/Desktop/Analisis_de_Datos/Semana8/FINAL_PROYECT/Canciones/Rock en Español/Rosendo_Maneras de vivir_Rock_Rock en Español_2004.mp3
120.95456092376767,[123.046875],0.23038848,-75.627655,140.66914,-48.9312,45.82623,0.71156853,29.067467,-18.12894,19.780664,-11.2007675,11.484133,-0.07538902,7.6857224,0.84272295,6.9989157,3.649788,-5.2864547,0.17677444,-5.6840105,5.6000743,-7.3298764,0.07597721083637818,6478.151593452231,3136.6268400560175,3317.0878123325583,0.49290752,/Users/nosolomusica/Desktop/Analisis_de_Datos/Semana8/FINAL_PROYECT/Canciones/Rock en Español/Rosendo_Masculino singular_Rock_Rock en Español_2002.mp3
136.73482699317967,[139.67483108],0.046482272,-251.22362,135.31195,-49.89398,31.265804,-8.519812,23.510841,-16.07716,14.459385,-2.5620568,8.589381,-3.813747,1.1838822,5.9670424,1.9097079,5.0309844,-5.926393,3.4519281,-5.174381,2.7713861,-9.547502,0.07451242494782175,5680.225789242092,2898.821309076351,3067.5977593167336,0.4369015,/Users/nosolomusica/Desktop/Analisis_de_Datos/Semana8/FINAL_PROYECT/Canciones/Rock en Español/Mojinos Escozíos_Las niñas de la Salle_Rock_Rock en Español_2004.mp3
91.54906615191987,[95.703125],0.049227238,-240.93765,106.872185,-40.034466,76.791824,5.5826077,34.16414,-12.760699,25.170166,-9.928131,17.795042,-5.774599,9.398391,-3.1018186,3.8205655,1.7884037,-5.5653133,1.2191954,-8.741325,2.4449458,-11.540514,0.06983024132314755,7719.113143047795,3716.7228107909073,3798.3373142106434,0.5467991,/Users/nosolomusica/Desktop/Analisis_de_Datos/Semana8/FINAL_PROYECT/Canciones/Rock en Español/Parálisis Permanente_Autosuficiencia_Rock_Rock en Español_1984.mp3
91.8855798019346,[93.96306818],0.20871668,-91.12454,155.44559,-58.980507,42.67871,-2.2457166,28.066078,-14.220415,14.276261,-3.871494,9.612001,2.439993,6.0504503,-0.30669278,-0.5932557,2.6954093,-3.6228442,4.765705,-3.615642,1.6202652,-6.2242737,0.06084365356271015,4929.387683032938,2544.2664354961044,2790.509266368788,0.49152708,/Users/nosolomusica/Desktop/Analisis_de_Datos/Semana8/FINAL_PROYECT/Canciones/Rock en Español/Piperrak_Kualkier dia_Rock_Rock en Español_1994.mp3
78.91085420573266,[86.1328125],0.1999657,-98.70745,134.09586,-57.146088,63.4977,-2.800567,22.038511,-8.174887,4.289388,1.6871278,1.4872186,3.7610266,-1.4780385,8.008151,2.8851042,3.1922407,-2.2016444,2.032082,-0.24869074,0.56341356,-2.1025128,0.07762494715863431,5674.7830016127955,2835.535179266952,2733.875286815423,0.49281618,/Users/nosolomusica/Desktop/Analisis_de_Datos/Semana8/FINAL_PROYECT/Canciones/Rock en Español/Platero y Tu_El roce de tu cuerpo_Rock_Rock en Español_1996.mp3
85.36805698946934,[89.10290948],0.20027074,-86.59179,142.8801,-61.689827,39.304577,-9.442165,19.68133,-9.431481,20.25742,-8.57438,10.111774,2.9509106,8.097471,2.1605654,6.2112274,5.691335,-5.363133,3.1797981,-3.4723527,1.7598795,-5.4849844,0.08176766432341404,5869.062189484076,3002.508276996619,2986.746947105375,0.45184058,/Users/nosolomusica/Desktop/Analisis_de_Datos/Semana8/FINAL_PROYECT/Canciones/Rock en Español/Porretas_Marihuana_Rock_Rock en Español_1997.mp3
107.21113808092298,[112.34714674],0.049039908,-261.3998,159.27516,-52.42296,66.99854,-12.669307,13.801109,12.453468,-8.8694935,19.008251,-9.741377,9.823118,2.591104,-1.2423191,7.494775,-7.651277,4.087206,-3.7755194,-2.2672768,0.47036535,-6.874448,0.06354691012091751,5623.472446370782,2563.599454499202,2633.2115696573132,0.533391,/Users/nosolomusica/Desktop/Analisis_de_Datos/Semana8/FINAL_PROYECT/Canciones/Rock en Español/Seguridad Social_Acción_Rock_Rock en Español_1990.mp3
114.83105447158965,[123.046875],0.17179565,-123.578224,151.42311,-38.996334,41.277756,-2.4886444,26.709528,-12.536206,22.773012,-2.456956,7.2651153,-0.8012669,8.855721,6.1348767,3.3636158,3.4531045,-5.4218373,2.1197767,-3.616722,3.885427,-5.8149257,0.057206575704346986,5119.432460283328,2529.4844477281977,2978.46613748825,0.5221509,/Users/nosolomusica/Desktop/Analisis_de_Datos/Semana8/FINAL_PROYECT/Canciones/Rock en Español/Soda Stereo_De Música Ligera_Rock_Rock en Español_1990.mp3
137.49494738014096,[139.67483108],0.21691455,-86.97501,125.39245,-41.54361,76.30761,-26.017252,35.953217,-16.78422,21.672878,-4.7327113,-1.765387,3.0156486,-11.499908,10.974497,-4.294321,11.723159,-7.875198,4.8912015,-3.749962,-0.036600303,-1.0867805,0.10215527113062967,8320.438693370494,3853.613833996918,3656.2743811835144,0.4873798,/Users/nosolomusica/Desktop/Analisis_de_Datos/Semana8/FINAL_PROYECT/Canciones/Rock en Español/Triana_Quiero contarte_Rock_Rock en Español_1979.mp3
103.27301429118508,[103.359375],0.19756237,-94.37781,145.54318,-59.380436,47.78444,4.371655,32.1537,-14.222338,18.350246,-0.48229575,11.925046,1.7617503,0.5768662,2.3787181,0.85514444,2.4739347,-3.9157088,1.9511981,-6.0044384,2.614948,-5.6818614,0.06920461183901344,5458.417373144103,2782.4441679751344,2958.482364601678,0.55621856,/Users/nosolomusica/Desktop/Analisis_de_Datos/Semana8/FINAL_PROYECT/Canciones/Rock en Español/Reincidentes_Vicio_Rock_Rock en Español_1994.mp3
140.58541197475256,[143.5546875],0.13758846,-160.39442,121.85167,-42.24695,50.454556,-9.856244,27.032154,-6.6467805,19.841696,-6.2115655,12.895624,-0.47463107,7.713337,3.5993347,0.53333575,6.406612,-0.5690356,4.9694285,-4.77028,4.3184905,-3.8247879,0.07322962851327526,6491.287354882934,3195.2629952504885,3304.6450009302253,0.5886106,/Users/nosolomusica/Desktop/Analisis_de_Datos/Semana8/FINAL_PROYECT/Canciones/Techno/Dj-Napo_El-ritmo-ms_Electronica_Techno_1999.mp3
132.38629625237192,[139.67483108],0.11919034,-237.64264,76.8297,-11.651337,78.61596,13.1428175,34.833168,-4.8789864,23.902956,2.133447,21.00483,-0.43029937,8.43637,0.0149821155,1.4357175,5.50888,2.2259219,5.545076,-2.1073709,5.9411116,-5.6669645,0.06697735798546195,7425.992813108222,3544.000786119461,3680.9235105418056,0.6799916,/Users/nosolomusica/Desktop/Analisis_de_Datos/Semana8/FINAL_PROYECT/Canciones/Techno/Abel-The-Kid-y-Raul-Ortiz_Electrication_Electronica_Techno_2002.mp3
138.97520619963063,[139.67483108],0.20716763,-204.23947,110.45939,-15.336219,57.98469,3.7118332,27.396019,6.380114,26.465874,9.283824,13.923902,13.863956,10.755318,10.55124,7.85626,9.877042,3.851591,6.6108356,1.7718222,6.6136155,2.133029,0.026301057683563254,5245.070596038419,2266.3186736286,3048.2922455357793,0.6775567,/Users/nosolomusica/Desktop/Analisis_de_Datos/Semana8/FINAL_PROYECT/Canciones/Techno/Abel-the-Kid-y-Raul-Ortiz_Baila_Electronica_Techno_2004.mp3
136.69856866934907,[139.67483108],0.18579689,-174.25462,131.39682,-19.08307,42.73625,-4.6757355,28.27054,0.69805884,16.586874,7.082997,8.859931,9.247,7.070109,7.677247,1.0313257,5.0232463,1.3633648,4.828336,0.42940786,2.6944501,0.13793685,0.04177720797100802,5284.012634002705,2370.7548054045956,2871.841016318141,0.6231673,/Users/nosolomusica/Desktop/Analisis_de_Datos/Semana8/FINAL_PROYECT/Canciones/Techno/Alex-Trackone-y-Dj-Napo_La-nube_Electronica_Techno_2000.mp3
137.48455034042112,[139.67483108],0.20990552,-113.63916,92.69648,-27.63965,58.303196,-24.905115,45.749947,-7.926958,29.700958,-1.9117861,18.34816,2.3700056,9.70656,3.8853705,2.098801,5.8703876,0.10897032,7.610596,-2.3240488,6.7934194,-4.8901525,0.11658355698812087,8934.48524959634,4454.064875530782,3817.4106172745924,0.701299,/Users/nosolomusica/Desktop/Analisis_de_Datos/Semana8/FINAL_PROYECT/Canciones/Techno/Alex-Trackone_Genetiko_Electronica_Techno_2006.mp3
137.2039017312803,[139.67483108],0.19695818,-107.32734,102.427536,-42.544533,48.724056,-19.436234,38.23492,-10.182399,25.271805,-6.5565443,15.050634,-2.351008,8.746975,6.9084496,4.791283,8.796021,-0.0012091569,7.2816024,-3.5128002,6.4255295,-3.8450615,0.08449676309336164,8562.778671292874,3962.8271937909913,3903.0174637114806,0.6683287,/Users/nosolomusica/Desktop/Analisis_de_Datos/Semana8/FINAL_PROYECT/Canciones/Techno/Alex-Trackone-ala-Lawrence-Lock_Technobase_Electronica_Techno_2004.mp3
130.14480207759502,[135.99917763],0.21213406,-104.71309,126.613075,-65.59508,57.292736,-13.018909,34.00655,1.8024311,14.75173,3.772298,10.507347,8.993777,6.885668,8.549101,-0.17587835,6.726092,1.1766241,4.415676,0.9206306,1.1674602,-0.8395548,0.0810462532891501,6067.773654599277,3059.1142153246615,2943.9187821613177,0.68922716,/Users/nosolomusica/Desktop/Analisis_de_Datos/Semana8/FINAL_PROYECT/Canciones/Techno/Ben-Sims_Remanipulator_Electronica_Techno_1998.mp3
136.4480198019802,[139.67483108],0.25575194,-109.37587,110.785614,-15.008503,55.974037,-12.928717,36.869827,1.438651,18.461508,-3.0541432,17.848272,2.89981,10.422388,-1.9445328,0.30747628,0.005817647,-2.8765056,7.0687814,1.130335,9.927504,-2.4923239,0.060246342168987825,8029.235487342105,3470.926014628333,3907.2390878384767,0.5890338,/Users/nosolomusica/Desktop/Analisis_de_Datos/Semana8/FINAL_PROYECT/Canciones/Techno/Cisco-Ferreira-aka-The-Advent_Kurva_Electronica_Techno_2005.mp3
140.9123753143935,[143.5546875],0.21176083,-156.72543,107.67763,-7.6228433,46.52481,-7.796237,35.034218,-3.4768293,24.658943,-1.0399829,14.667387,4.3489313,7.600859,3.144806,1.1984754,5.155169,-2.4286094,5.0583696,-4.0941277,3.6188214,-5.303828,0.05506383200345109,7533.821512709798,3244.270764274474,3841.6335653635033,0.6586342,/Users/nosolomusica/Desktop/Analisis_de_Datos/Semana8/FINAL_PROYECT/Canciones/Techno/Danili-Di-Corto_Time-of-passion_Electronica_Techno_2007.mp3
141.62797004132233,[143.5546875],0.09949722,-184.06512,103.23473,-39.290314,53.48715,-16.263466,36.403496,-7.8406982,27.074696,1.621773,16.97261,6.457856,8.399906,4.774191,1.3172989,6.2894874,-0.009836823,7.9484186,-1.3363787,6.5666943,-3.0649214,0.06956943313857393,8115.878565352178,3688.422144413276,3792.5621139667596,0.6707811,/Users/nosolomusica/Desktop/Analisis_de_Datos/Semana8/FINAL_PROYECT/Canciones/Techno/David-Marshall_Embola_Electronica_Techno_2005.mp3
134.7040116127672,[135.99917763],0.2510679,-169.27707,119.638405,-22.301609,50.12147,2.2269478,37.50375,8.792989,15.346709,-2.6764708,9.691035,7.623675,10.863393,10.243691,0.4333486,2.680635,-6.6135077,3.2446935,-3.1623292,3.017848,-3.7184625,0.05044573903618902,5314.82473605712,2563.089640494559,2901.194865094596,0.55842334,/Users/nosolomusica/Desktop/Analisis_de_Datos/Semana8/FINAL_PROYECT/Canciones/Techno/Digital-Express_The-Club_Electronica_Techno_2004.mp3
132.35864883814105,[132.51201923],0.1920015,-147.05385,115.68986,-52.92445,83.160446,-3.5335288,30.738298,3.596602,13.478172,4.6984076,7.500065,11.024207,9.767213,14.781124,4.618501,6.5623403,-4.247599,-0.15174513,-1.4859769,2.8176856,-1.3901356,0.05952563875771582,6251.34952521506,3023.4291019622387,3034.9189956376867,0.6097839,/Users/nosolomusica/Desktop/Analisis_de_Datos/Semana8/FINAL_PROYECT/Canciones/Techno/Digital-Express-y-Michel-de-Hey_The-club-remix_Electronica_Techno_2002.mp3
135.64897198893897,[139.67483108],0.16531299,-130.85486,108.37055,-38.598366,58.64025,-19.430601,34.550274,-10.98399,17.2403,-8.240826,9.274375,1.0627923,6.5576367,0.5797071,-0.6522804,2.9119196,-7.2743926,0.7136758,-5.972327,4.256208,-6.100349,0.09793968887161668,7856.524786256401,3869.440316431382,3583.633043138326,0.5953344,/Users/nosolomusica/Desktop/Analisis_de_Datos/Semana8/FINAL_PROYECT/Canciones/Techno/Dj Gilbert_Dulux_Electronica_Techno_2000.mp3
133.90800813645942,[135.99917763],0.21536748,-111.33472,123.8509,-34.108185,47.59211,-27.516235,31.243904,-4.73167,16.75626,1.5214263,6.665611,10.661639,1.4874185,11.86435,-4.928155,6.405258,-3.2292113,6.6384015,-0.7724244,0.5399741,-0.24489725,0.08596025326053458,7114.6528447813935,3332.8839682676835,3360.210701083696,0.51142603,/Users/nosolomusica/Desktop/Analisis_de_Datos/Semana8/FINAL_PROYECT/Canciones/Techno/Filterheadz_Yimanya_Electronica_Techno_2005.mp3
134.230260186672,[135.99917763],0.20400128,-151.80777,144.95413,-19.680145,61.442055,-20.53155,31.853668,0.17417628,10.9262905,10.98647,3.9231203,20.687939,0.9698146,8.259186,-11.891326,-0.4195986,-4.4524717,1.1122112,6.3677235,-2.5970445,2.7805648,0.04360084400465658,5547.166114492594,2433.9913771387055,2995.4392734168105,0.58939886,/Users/nosolomusica/Desktop/Analisis_de_Datos/Semana8/FINAL_PROYECT/Canciones/Techno/Jeff Mills_The Bells_Electronica_Techno_1996.mp3
128.32041830945644,[132.51201923],0.1026731,-175.46727,60.497364,-31.665121,78.61629,-16.083208,38.893192,-11.887353,24.728876,-5.304492,19.070087,-0.72386706,11.0764475,2.5239496,2.0190077,3.782973,-4.280497,-0.9501703,-8.765428,6.1892743,-9.025629,0.13272062488713998,9654.174138254939,5085.331097845319,3978.969982087119,0.5666208,/Users/nosolomusica/Desktop/Analisis_de_Datos/Semana8/FINAL_PROYECT/Canciones/Techno/Jeff Mills & Dj Rolando_Jaguar remix_Electronica_Techno_2002.mp3
132.44703888788518,[135.99917763],0.15385447,-161.50778,127.314285,-33.46618,52.07775,-11.235059,24.970495,-1.6499947,10.293873,6.0328946,3.9908814,15.452214,-1.2192287,8.499841,-3.7870746,5.7990246,-2.9060934,2.1540337,2.1766064,0.8346189,7.625358,0.06132737897450125,5947.249296870968,2730.804171522007,2983.2379441815497,0.6083168,/Users/nosolomusica/Desktop/Analisis_de_Datos/Semana8/FINAL_PROYECT/Canciones/Techno/Julio Posadas_Indhu_Electronica_Techno_2022.mp3
64.15545621657755,[68.90625],0.29014844,-110.67583,124.9424,-23.520618,51.21619,-4.32897,33.888958,-3.287703,19.571133,-1.538627,11.722618,1.4086921,8.1441,3.9790351,6.8881884,5.9922113,0.390401,4.2272,-2.6780653,4.860806,-5.6327047,0.04773874352957794,6481.230261731308,2876.1548015566823,3384.7501525997,0.6517071,/Users/nosolomusica/Desktop/Analisis_de_Datos/Semana8/FINAL_PROYECT/Canciones/Techno/Lithium_Deep jungle_Electronica_Techno_2002.mp3
123.67963187302216,[139.67483108],0.10945751,-211.96399,151.45285,-12.700995,48.14336,-12.480778,14.243917,-12.440743,10.582769,5.523107,-6.241793,-2.2685926,-6.9469833,3.3987188,-0.5942812,4.229315,-0.0593322,4.2971,-1.0635399,-3.7609491,-6.8156924,0.04177407333758691,4633.48279859941,2165.450709929293,2790.973275815192,0.4525923,/Users/nosolomusica/Desktop/Analisis_de_Datos/Semana8/FINAL_PROYECT/Canciones/Techno/Mackenzie Feat. Jessy_Arpegia (Without You)_Electronica_Techno_1998.mp3
136.5068972757639,[135.99917763],0.2685068,-109.19579,119.28295,-22.512468,62.449726,-10.593872,42.209507,-6.3996277,24.403765,-3.172288,13.009431,6.017606,4.2180943,4.214774,0.13571833,2.684252,-5.8631735,1.7412415,-2.992116,1.2397404,-4.1634045,0.06441473370800585,6954.8071526092235,3110.2944051885975,3551.414886011514,0.66572106,/Users/nosolomusica/Desktop/Analisis_de_Datos/Semana8/FINAL_PROYECT/Canciones/Techno/Mauro Picotto_Bangkok_Electronica_Techno_2005.mp3
130.2188038952668,[139.67483108],0.23735283,-115.3406,93.47863,-28.18574,47.14205,-27.115723,27.6028,-8.6928835,27.351595,0.03149977,16.102177,5.577439,6.0366025,5.406896,0.6577049,3.9064143,0.0927158,5.8043733,-1.3746794,4.0759864,-5.7584887,0.11271003021173036,8486.909550828612,4172.346583694956,3732.1441675186297,0.5865232,/Users/nosolomusica/Desktop/Analisis_de_Datos/Semana8/FINAL_PROYECT/Canciones/Techno/Max Walder & Manu Kenton_Bongo Spirit_Electronica_Techno_2007.mp3
135.3111861669401,[139.67483108],0.18241036,-141.6598,103.101974,-50.317055,44.400143,-14.957082,35.086617,-0.14206216,14.633369,2.957284,11.712914,4.6137123,8.642322,3.9443343,5.2833858,5.97854,0.15331745,1.5899888,-7.730716,-0.69466096,-5.8592243,0.07092742028083023,7124.803827996826,3340.728621879559,3429.269308905987,0.60368013,/Users/nosolomusica/Desktop/Analisis_de_Datos/Semana8/FINAL_PROYECT/Canciones/Techno/Mojado_Fuerte_Electronica_Techno_2007.mp3
125.00567850078642,[126.04801829],0.10760645,-202.25482,92.50378,-52.072643,47.18208,-5.93622,31.911545,-10.081755,-0.20175666,-8.154338,-2.9740548,-1.1926662,-0.92829007,1.7078781,-7.0841618,4.251945,-5.27255,3.8810177,-3.8179202,0.7008136,-0.34396455,0.09809363540872316,6775.803144287825,3513.461695596024,3129.780453837664,0.5982527,/Users/nosolomusica/Desktop/Analisis_de_Datos/Semana8/FINAL_PROYECT/Canciones/Techno/Plastikman_Spastik_Electronica_Techno_1993.mp3
138.49720528455285,[139.67483108],0.18901826,-137.2446,130.03726,-31.601273,37.86339,-22.17209,38.978016,-9.674468,21.41561,1.7052544,6.819631,1.2883382,4.0500464,0.6251272,-9.466252,2.829314,-11.894951,3.777011,-5.014183,4.0104513,-2.94531,0.07046334657568276,6971.886566374375,3183.7818680355,3461.2433758231523,0.49485675,/Users/nosolomusica/Desktop/Analisis_de_Datos/Semana8/FINAL_PROYECT/Canciones/Techno/Randy Katana_Fancy Fair_Electronica_Techno_2009.mp3
82.35170258136138,[139.67483108],0.11154462,-259.4748,70.443504,-23.120735,25.726532,-16.067064,19.536394,-10.082354,13.477487,-5.556835,5.832197,-2.0444646,3.0032039,-1.0812072,-0.46213,1.1550794,-1.9305563,2.6690106,-2.9316287,3.4475565,-3.7201266,0.056470180085117894,5003.616121769876,2345.690952855883,2320.9047870587233,0.317317,/Users/nosolomusica/Desktop/Analisis_de_Datos/Semana8/FINAL_PROYECT/Canciones/Techno/Substate_Horizon_Electronica_Techno_2005.mp3
132.6275772393173,[132.51201923],0.20611341,-126.40662,123.71555,-47.26326,60.264847,-6.420704,13.959484,1.1836919,7.1315007,1.6555403,6.349087,4.3131833,5.3896604,2.290836,-3.4387934,5.1519194,-2.9147708,2.5824099,-3.100401,5.113852,0.27764046,0.07552579081215548,6039.142368633502,2980.2575968852516,2899.4217674331426,0.59805083,/Users/nosolomusica/Desktop/Analisis_de_Datos/Semana8/FINAL_PROYECT/Canciones/Techno/Surgeon_La Real_Electronica_Techno_2000.mp3
129.76703609041698,[135.99917763],0.19320604,-168.87308,138.41252,-28.742617,53.36361,6.7364044,31.447065,5.2892237,19.602661,7.5842338,8.013002,7.7822366,6.0652184,5.93996,-1.3857635,4.381817,-4.460084,1.1557856,1.0641154,2.3452744,-3.4102328,0.03531601402343436,5189.124572444781,2337.3401231116154,2850.3662841426662,0.6209538,/Users/nosolomusica/Desktop/Analisis_de_Datos/Semana8/FINAL_PROYECT/Canciones/Techno/Taksi_Schneesturm_Electronica_Techno_2001.mp3
130.10907240316902,[139.67483108],0.21042164,-148.75937,139.35176,-30.279585,48.18018,-11.007053,23.339846,0.7203328,16.556414,2.0853896,7.376619,2.6647196,-1.7223322,5.580547,1.7760926,7.8114066,-0.7872066,4.9369836,-1.9080448,-1.2158302,-4.763962,0.04685275460121574,5336.346511600541,2504.4787635404264,2844.1019973807543,0.60442924,/Users/nosolomusica/Desktop/Analisis_de_Datos/Semana8/FINAL_PROYECT/Canciones/Techno/Tekken_Tribal Pursuit_Electronica_Techno_2001.mp3
131.11199318640647,[143.5546875],0.16551767,-173.8536,152.01006,-39.64264,19.253174,-10.079635,2.4022691,2.8115275,3.2308967,4.176143,9.794381,5.655696,13.830037,5.134673,8.26788,8.263094,2.0900958,8.670094,1.7722952,3.6157596,-5.53477,0.04647246081264089,4164.023455243137,2066.3590187094883,2411.348460129799,0.46581665,/Users/nosolomusica/Desktop/Analisis_de_Datos/Semana8/FINAL_PROYECT/Canciones/Techno/The Advent_Inn Balance (Cozmic Spore Remix)_Electronica_Techno_2003.mp3
131.86181305201177,[135.99917763],0.23613198,-107.415504,133.00203,-31.152788,55.40322,-2.0581498,21.619253,-16.363241,18.255558,-9.511752,7.928484,6.6158953,9.325974,8.1977005,6.393683,9.998898,-1.2631361,5.8971677,-5.300228,-0.24057423,-7.9254866,0.057633208994556887,5744.514485826817,2782.3648235704754,3224.794823820278,0.44402307,/Users/nosolomusica/Desktop/Analisis_de_Datos/Semana8/FINAL_PROYECT/Canciones/Techno/The Roc Project feat. Tina Arena_Never Filterheadz remix_Electronica_Techno_2004.mp3
92.4201298863183,[92.28515625],0.33187592,-110.05074,168.29515,-19.068693,45.302277,-10.81431,25.659925,-4.80309,17.04169,6.9094076,8.975431,5.718134,-0.495328,3.5369859,3.7287457,5.7924304,4.869909,7.998982,4.6571302,1.6420358,-2.4813468,0.031681622122735585,4474.110755204006,2082.9193030814313,2705.70807056496,0.65737313,/Users/nosolomusica/Desktop/Analisis_de_Datos/Semana8/FINAL_PROYECT/Canciones/Techno/Thomas Krome_Bitches From Hell_Electronica_Techno_2003.mp3
137.37419442584533,[135.99917763],0.25302383,-138.29495,81.20053,-19.715271,75.059135,-16.364586,39.51738,2.2539833,29.754631,1.3258507,14.5061035,7.606605,8.975776,7.935758,4.865886,8.49886,1.855311,8.154246,3.961258,8.329998,0.15289833,0.05655170095996117,8656.72683554911,3818.840916402317,4002.316824435683,0.7162761,/Users/nosolomusica/Desktop/Analisis_de_Datos/Semana8/FINAL_PROYECT/Canciones/Techno/Tim Xavier_Theater Of Sound_Electronica_Techno_2003.mp3
139.54443447037704,[139.67483108],0.18308403,-124.526985,118.31559,-33.121826,61.09806,-33.145847,39.731323,-11.394434,20.549196,5.3133874,16.401499,15.932466,10.076294,14.507714,2.7782276,11.476573,-0.7272064,5.8640366,0.05880608,0.6158619,-1.8731064,0.07087004982989839,7946.175643308925,3435.342711864189,3681.0753891866707,0.5680416,/Users/nosolomusica/Desktop/Analisis_de_Datos/Semana8/FINAL_PROYECT/Canciones/Techno/Titanium_Dukun (Marco Bailey Remix)_Electronica_Techno_2003.mp3
111.810360237214,[139.67483108],0.07256199,-302.193,99.83729,-43.509613,39.76147,6.3735905,48.907967,12.738657,27.238745,10.77327,15.27853,3.8314502,13.302951,0.7317715,8.846764,4.9347305,3.1327825,6.2481427,-3.6138117,8.135743,-2.1218944,0.03937333345950675,6004.217913115411,2710.627155229316,3212.625158316402,0.6187691,/Users/nosolomusica/Desktop/Analisis_de_Datos/Semana8/FINAL_PROYECT/Canciones/Techno/Oscar Mulero_Anaconda_Electronica_Techno_2005.mp3
133.81044551948764,[139.67483108],0.15717572,-114.76913,96.70061,-47.38248,53.497215,-17.196524,36.314346,-11.56313,25.762672,-6.5173187,14.246347,0.28232697,4.761685,6.00213,0.16800821,9.5754,-2.3068652,7.5415416,-3.811792,8.40685,-4.877319,0.10924288328441033,8918.494381017017,4265.162438486075,3892.3090794677705,0.68617684,/Users/nosolomusica/Desktop/Analisis_de_Datos/Semana8/FINAL_PROYECT/Canciones/Techno/Tom Hafman vs submission_El vacio mix_Electronica_Techno_2003.mp3
133.9178964630705,[135.99917763],0.16948456,-119.62202,122.39536,-35.032375,59.25584,-11.839744,36.66428,-12.851839,16.971306,-3.3501742,10.73953,1.5840044,7.222128,2.5838299,-0.26261172,3.1950893,0.11797688,4.2925057,-1.0813879,4.138263,-3.843623,0.08670093048348257,7736.011952457265,3562.2524292677294,3544.8667998546634,0.6149333,/Users/nosolomusica/Desktop/Analisis_de_Datos/Semana8/FINAL_PROYECT/Canciones/Techno/Tomaz vs Filterheadz_Lazy people_Electronica_Techno_2002.mp3
132.08948078072842,[135.99917763],0.24120851,-117.63382,121.18056,-32.607372,55.54776,-8.173637,24.592966,-8.155116,20.039026,-2.5597162,17.196554,13.684095,15.929087,11.110934,7.0534844,10.147597,-1.2689661,1.3743297,-1.0916295,5.108198,-1.5465698,0.054179769239032956,6651.333572322696,3005.8538122272025,3388.2813768656424,0.632944,/Users/nosolomusica/Desktop/Analisis_de_Datos/Semana8/FINAL_PROYECT/Canciones/Techno/Tomaz vs Filterheadz_Sunshine_Electronica_Techno_2002.mp3
134.1110624848656,[135.99917763],0.2285518,-132.41522,140.71368,-41.848907,43.69438,-15.412619,33.905293,3.0686395,12.874914,0.5170386,5.180832,11.214742,3.3148735,14.123432,1.6906096,11.966817,-1.2569699,6.4700136,0.066516265,2.5511448,1.1420392,0.0515375253175572,5425.724988980714,2511.115149746705,2864.8260871228654,0.54455453,/Users/nosolomusica/Desktop/Analisis_de_Datos/Semana8/FINAL_PROYECT/Canciones/Techno/Umek_Soludeks_Electronica_Techno_2000.mp3
