artist,song,genre,subgenre,year,beats,tempo,mfcc,zero_crossing_rate,rolloff,spectral_centroid,spectral_bandwidth,chroma_stft,rmse_1,rmse_2,rmse_3,rmse_4,rmse_5,rmse_6,rmse_7,rmse_8,rmse_9,rmse_10,rmse_11,rmse_12,rmse_13,rmse_14,rmse_15,rmse_16,rmse_17,rmse_18,rmse_19,rmse_20
Alice Deejay,Better Off Alone,Electronica,Dance,2000,381,135.99917763,3.4030802249908447,0.1017899155593043,9249.56819539488,4350.674714671837,4103.266703680121,0.46433225,0.0,0.0,0.0,0.0,0.0,0.0,0.0,0.0,0.0,0.0,0.0,0.0,0.0,0.0,0.0,0.0,0.0,0.0,0.0,0.0
Calvin Harris y Ellie Goulding,Miracle,Electronica,Dance,2023,433,143.5546875,4.800572872161865,0.0615582032474146,6829.635626811736,3083.965694346719,3522.0630405167644,0.45103738,0.0,0.0,0.0,0.0,0.0,0.0,0.0,0.0,0.0,0.0,0.0,0.0,1.426e-05,0.0061289,0.06805514,0.16480644,0.21269843,0.24585794,0.26138806,0.24150927
David Guetta y Anne,Baby Don’t Hurt Me,Electronica,Dance,2023,351,129.19921875,8.427510261535645,0.0591458887693522,6718.444180172896,2997.476857011518,3285.6726824402976,0.47865146,0.0,0.0,0.0,0.0,0.0,0.0,0.0,0.0,0.0,0.0,0.0,0.0,0.0,0.0,0.0,7.481e-05,0.03187384,0.13298678,0.22064228,0.30073288
Edward Maya & Vika Jigulina,Stereo Love,Electronica,Dance,2009,382,126.04801829,4.400158405303955,0.0701704821012872,7335.060037999818,3307.037192302404,3484.2362688522776,0.44020632,0.0,0.0,0.0,0.0,0.0,0.0,0.0,0.0,0.0,0.0,0.0,0.0,0.0,0.0,0.0,0.0,0.0,0.0,0.0,0.0
Erika,I Don't Know,Electronica,Dance,2004,412,129.19921875,6.315406799316406,0.0390446328786488,6101.4788136416455,2644.8649956930826,3517.9029266447887,0.5307436,0.0,0.0,0.0,0.0,0.0,0.00021759,0.00031921,0.00065973,0.0012245,0.00197944,0.00271852,0.003737,0.00449273,0.00533548,0.00604801,0.00705383,0.00852623,0.01006644,0.01193275,0.01324474
Flo Rida,Club Can't Handle Me,Electronica,Dance,2010,513,129.19921875,1.133823275566101,0.0890663575808792,6996.5044579255455,3354.7787467059948,3387.3862844702585,0.4245442,0.0,0.0,0.0,0.0,0.0,0.0,0.0,0.0,0.0,0.0,0.0,0.0,0.0,0.0,0.0,0.0,0.0,0.0,0.0,0.0
Gigi D'agostino,L'amour toujour,Electronica,Dance,2001,545,139.67483108,2.882359266281128,0.0551185770455307,5473.05940288442,2502.185213384881,2864.1208506401026,0.4247243,0.0,0.0,0.0,0.0,0.0,0.0,0.0,3.1e-07,8.4e-07,2.88e-06,2.079e-05,0.000405,0.00054397,0.00070983,0.0008534,0.00101227,0.0010746,0.00106751,0.00111056,0.00096588
Lasgo,I Wonder,Electronica,Dance,2001,493,139.67483108,3.7963788509368896,0.0583910881693544,6551.428357049058,2979.100535766946,3390.061069274688,0.40989912,0.0,0.0,0.0,0.0,0.0,0.0,0.0,0.0,0.0,0.0,0.0,0.0,0.0,0.0,0.0,0.0,0.0,0.0,0.0,0.0
Lasgo,Something,Electronica,Dance,2001,508,139.67483108,0.7950863838195801,0.0600635985876657,6489.133780239539,3040.142399268896,3423.865655384694,0.4749552,0.0,1.75e-06,0.00044306,0.00072827,0.00087871,0.00102297,0.00098744,0.00109721,0.00106671,0.00106405,0.00125942,0.001103,0.0011425,0.00109472,0.00103039,0.00103138,0.00105404,0.00109403,0.00092767,0.0010464
Rimini Project,Sounds Good,Electronica,Dance,2001,790,139.67483108,5.9647979736328125,0.0857750910109729,8245.38755341261,3747.7587866870695,3917.742503926031,0.5271235,0.0,0.0,0.0,0.0,0.0,0.0,0.0,0.0,0.0,0.0,0.0,0.0,0.0,0.0,0.0,0.0,0.0,0.0,0.0,0.0
Sash! feat Tina Cousins,Mysterious Times,Electronica,Dance,2012,488,135.99917763,-2.789468050003052,0.0518433804204993,6648.201313033837,2945.534444132363,3629.996872273245,0.5103594,0.0,3.2e-07,0.00010627,0.000156,0.00018877,0.00019375,0.0001812,0.00019711,0.00018351,0.0001928,0.000327,0.000308,0.00032572,0.00033862,0.00024658,0.00028169,0.00029169,0.00034066,0.00033568,0.0003191
Snap!,Rhythm is a Dancer,Electronica,Dance,1992,470,123.046875,3.094693899154663,0.0612155558484698,6237.987947268297,2808.5078104096474,3245.452819884741,0.4529915,0.0,0.0,0.0,0.0,0.0,0.0,0.0,0.0,0.0,0.0,0.0,0.0,0.0,0.0,0.0,0.0,0.0,0.0,0.0,0.0
Sylver,Skin,Electronica,Dance,2001,568,139.67483108,3.563621282577514,0.0676637417495347,5629.475532100489,2730.995434150555,2736.327413241414,0.44698864,7e-08,2.4e-07,1.2e-06,2.4e-06,2.95e-06,3.64e-06,4.04e-06,4.15e-06,3.81e-06,0.00159638,0.0016262,0.001626,0.00164652,0.00070226,0.0010067,0.00155718,0.00208345,0.00275269,0.00402718,0.00538312
Sylver,Skin,Electronica,Dance,2024,568,139.67483108,3.563621282577514,0.0676637417495347,5629.475532100489,2730.995434150555,2736.327413241414,0.44698864,7e-08,2.4e-07,1.2e-06,2.4e-06,2.95e-06,3.64e-06,4.04e-06,4.15e-06,3.81e-06,0.00159638,0.0016262,0.001626,0.00164652,0.00070226,0.0010067,0.00155718,0.00208345,0.00275269,0.00402718,0.00538312
Sylver,Turn the tide,Electronica,Dance,2001,367,92.28515625,-10.575661659240724,0.0858092830119002,5872.541165230797,2939.682546334304,2637.581784508733,0.41125622,0.0,0.0,0.0,0.0,0.0,0.0,0.0,5e-08,1.4e-07,8.23e-06,9.3e-06,1.2e-05,1.752e-05,1.976e-05,2.222e-05,2.068e-05,1.662e-05,4.487e-05,0.0329293,0.05922717
Yolanda Be Cool & DCUP,We No Speak Americano,Electronica,Dance,2010,391,126.04801829,-1.6400456428527832,0.0385047469872582,4022.386476483344,1897.68164596918,2193.3829330021567,0.52970356,0.0,0.0,0.0,0.0,0.0,0.0,0.0,0.0,3e-07,0.00703298,0.17455786,0.250269,0.29917055,0.34118792,0.34296653,0.34777573,0.35086805,0.3568589,0.3661036,0.36971715
Grauzone,Eisbaer,Rock,New Wave,1980,415,129.19921875,6.1338629722595215,0.0462389754152044,4542.197095701126,2137.599667487644,2407.162766576695,0.50052124,0.0,0.0,0.0,0.0,0.0,0.0,0.0,0.0,0.0,0.0,0.0,0.0,0.0,0.0,0.0,0.0,0.0,0.0,0.0,0.0
Human Tetris,Things I don't need,Rock,New Wave,2010,296,82.03125,9.47054958343506,0.02316918554214,4485.2309950734125,1881.08021401456,2865.555358029602,0.5466788,0.0,0.0,0.0,0.0,0.0,0.0,0.0,0.0,0.0,0.0,0.0,0.0,0.0,0.0,0.0,0.0,0.0,0.0,0.0,0.0
Las Eras,Virginia,Rock,New Wave,2024,367,129.19921875,5.347099781036377,0.0405317211695191,4123.607723457777,1967.1837031020573,2443.772446879292,0.6015703,0.0,0.0,0.0,0.0,0.0,0.0,0.0,0.0,1.31e-06,0.04662505,0.09306971,0.142221,0.15325034,0.18598132,0.17479862,0.1459796,0.17683382,0.14574246,0.17480448,0.17748113
Lebanon Hanover,Gallowdance,Rock,New Wave,2013,561,139.67483108,-3.092843770980835,0.0482251274596756,3514.4358755949497,1817.99133449216,2066.205627132644,0.49155226,0.0,4e-08,9e-08,5.04e-06,5.605e-05,0.00070041,0.00459835,0.01002157,0.01243102,0.01522939,0.01674014,0.017391,0.01975191,0.01964968,0.0206457,0.0205908,0.01972057,0.0198773,0.02189838,0.02309407
Linea Aspera,Malarone,Rock,New Wave,2012,358,89.10290948,2.579828977584839,0.0812224258919577,8219.628150611235,3623.0151620353695,3875.5028738532674,0.5221453,0.0,0.0,0.0,0.0,0.0,0.0,0.0,8e-08,2.65e-06,5.12e-06,1.185e-05,1.9e-05,2.942e-05,4.445e-05,5.951e-05,7.198e-05,8.107e-05,8.501e-05,8.498e-05,8.677e-05
Pleasure Symbols,Control,Rock,New Wave,2016,187,47.8515625,7.104936599731445,0.0233641401901398,3561.1208241549825,1608.8147714943198,2398.692378723721,0.59118414,0.0,0.0,0.0,0.0,0.0,0.0,0.0,0.0,0.0,0.0,0.0,0.0,0.0,7e-08,2.5e-07,2.6e-06,2.161e-05,0.09898529,0.13082294,0.20863241
Psyche,Goodbye Horses,Rock,New Wave,1996,496,126.04801829,4.792073249816895,0.0394690376916857,5056.838912215731,2286.6499064959166,2963.1342254851124,0.4302528,0.0,0.0,0.0,0.0,0.0,0.0,0.0,0.0,0.0,0.0,0.0,0.0,4.8e-07,4.385e-05,0.00010106,0.00010401,0.00010458,9.782e-05,0.00102066,0.00329138
Rue Oberkampf,Hope and Fear,Rock,New Wave,2022,666,126.04801829,8.344195365905762,0.0313630926209397,4410.445849889265,1913.930745100172,2572.0437704272726,0.5365476,0.0,0.0,0.0,0.0,0.0,0.0,0.0,0.0,0.0,0.0,0.0,0.0,0.0,0.0,0.0,0.0,0.0,0.0,0.0,0.0
Sad lovers and Giants,Things we never did,Rock,New Wave,1982,494,135.99917763,-2.922624588012696,0.0639661655848891,5289.426066128209,2461.3593193261604,2703.6638622129035,0.44143507,0.0,0.0,0.0,0.0,0.0,0.0,0.0,0.0,0.0,0.0,0.0,0.0,0.0,0.0,0.0,0.0,0.0,0.0,0.0,0.0
Ultra Sun,Distress,Rock,New Wave,2024,479,126.04801829,5.959661960601807,0.0384407452878627,4874.076335174573,2162.6164643618595,2882.24842050426,0.5708868,0.0,1.081e-05,0.07756481,0.1016846,0.11337195,0.13663766,0.12289211,0.12895665,0.13822396,0.17730826,0.1934378,0.195394,0.20023227,0.15960734,0.18043953,0.17871168,0.16714388,0.18827051,0.16791902,0.16602847
Boy Harsher,Machina,Rock,New Wave,2022,501,123.046875,2.419086456298828,0.0550102271999487,5907.118173694281,2736.641398878474,3103.7342297348428,0.54423285,0.0,0.0,0.0,0.0,0.0,0.0,0.0,0.0,0.0,0.0,0.0,0.0,0.0,0.0,0.0,0.0,0.0,0.0,0.0,0.0
Killing Joke,Love Like Blood ,Rock,New Wave,1985,334,103.359375,1.3581604957580566,0.0412439569123428,4927.451580836361,2275.642034451225,2840.504655428253,0.4091417,0.0,0.0,0.0,0.0,0.00053833,0.12359098,0.2602146,0.32279402,0.34403127,0.34174755,0.25862545,0.179555,0.14162087,0.08912509,0.08081216,0.07877815,0.07889134,0.08492783,0.09284776,0.09616401
VVV Trippin You,Nunca Estuvimos Tan Lejos,Rock,New Wave,2019,520,122.2826087,-5.928457260131836,0.057182289573203,4700.799110819184,2481.954508927596,2922.249990617249,0.4528966,0.00010521,0.00014906,0.00018748,0.00020887,0.00020954,0.0002094,0.00019821,0.00019796,0.00019592,0.0001934,0.00020566,0.000215,0.00022154,0.0002294,0.00022719,0.00021624,0.00020932,0.00020407,0.00020772,0.00021522
Silent EM,Wraith,Rock,New Wave,2013,190,64.59960938,-4.806321620941162,0.0378768438948855,4107.1412073719575,1987.247361503984,2630.263425784323,0.4672951,0.00028468,0.0005984,0.00105018,0.00162594,0.00224558,0.00290065,0.00353958,0.00401123,0.00430458,0.00439187,0.00427981,0.004136,0.00404493,0.00413048,0.0045228,0.00512151,0.00577726,0.00640062,0.0069503,0.00755101
VVV Trippin You,Amianto,Rock,New Wave,2021,589,139.67483108,5.258917808532715,0.0530911300470881,4914.924942746671,2380.666619228129,2559.0879977250816,0.55101883,0.0,0.0,0.0,0.0,3e-08,0.00309219,0.01396336,0.01984018,0.02374918,0.02911767,0.03032495,0.030105,0.03111753,0.02916285,0.02998563,0.03000253,0.03130196,0.03405324,0.03521077,0.0361071
VVV Trippin You,Invierno nuclear,Rock,New Wave,2020,528,114.84375,8.282957077026367,0.0401486938012602,4359.247286957391,2095.0750443244124,2686.039898439392,0.5409342,0.0,0.0,0.0,0.0,0.0,0.0,0.0,0.0,0.0,0.0,0.0,0.0,0.0,0.0,0.0,0.0,0.0,0.0,0.0,0.0
VVV Trippin You,Lluvias de Marzo,Rock,New Wave,2021,457,161.49902344,8.184104919433594,0.0699337246816678,7460.12519944526,3413.024520863055,3646.611218350676,0.55493826,0.0587373,0.09571197,0.11260081,0.12298885,0.12021266,0.10514366,0.09852132,0.09068897,0.08662708,0.08256602,0.08059692,0.07977,0.07734361,0.07724198,0.07680973,0.07948179,0.08739129,0.0931462,0.09740196,0.09862805
VVV Trippin You,Matar el Tiempo,Rock,New Wave,2021,356,139.67483108,7.348276615142822,0.0455574649623362,5049.512495031797,2329.3153011081063,2848.4250774180027,0.4811953,0.0,0.00018296,0.06586852,0.10041794,0.1279815,0.14712413,0.15264422,0.19216622,0.21360357,0.23048021,0.24349853,0.229842,0.21710733,0.21998672,0.21249326,0.20559424,0.19749117,0.18553345,0.17897996,0.1743582
VVV Trippin You,Monstruo,Rock,New Wave,2021,358,129.19921875,6.652036666870117,0.044935920149341,6522.057054532284,2856.0483314369294,3509.635556149828,0.5577409,0.36116663,0.43962997,0.48035067,0.5176644,0.48772988,0.43973088,0.40490052,0.31354263,0.17839472,0.11781022,0.07685143,0.043578,0.02149089,0.00962848,0.00475619,0.00274141,0.00131875,0.00055936,0.00112297,0.19690432
Zanias,Unraveled,Rock,New Wave,2021,507,151.99908088,0.9869087338447572,0.0556955652716817,5869.982985692635,2823.5930314673087,3185.765412341307,0.4424073,0.01402672,0.02409305,0.03088177,0.03673558,0.04217681,0.04464426,0.04612383,0.04709555,0.0451116,0.04342768,0.04172117,0.038972,0.03590519,0.03099015,0.02559847,0.0209563,0.016353,0.0138384,0.0176367,0.01827783
Zanias,Follow the Body,Rock,New Wave,2016,155,117.45383523,-3.545161247253418,0.0313058825174673,1883.3209519629145,1181.146014001207,1664.5344635272872,0.38967147,0.0,1.2e-07,3.9e-07,1.67e-06,9.041e-05,0.00046086,0.00162853,0.00267535,0.00457396,0.03639334,0.06325429,0.111541,0.13671885,0.1595328,0.17606577,0.17477192,0.18871842,0.198146,0.19787806,0.2093889
Abel Ramos,Das spiegel,Electronica,Remember,1999,965,143.5546875,0.7268282771110535,0.0512388830509777,6128.107769930415,2809.425792377168,3088.272619005241,0.62592846,0.0,0.0,0.0,0.0,0.0,0.0,0.0,0.0,0.0,0.0,0.0,0.0,0.0,0.0,0.0,0.0,0.0,0.0,0.0,0.0
Allegro,Moments In Love,Electronica,Remember,1999,770,139.67483108,4.520317554473877,0.0636255637538079,7270.049028934404,3316.419711183968,3533.033750891589,0.5657011,0.0,0.0,0.0,0.0,0.0,0.0,1.4e-07,2.5e-06,7.352e-05,0.00412664,0.0729185,0.124563,0.18686692,0.23735487,0.26478976,0.27130413,0.25880983,0.23965421,0.21613374,0.20443058
Aquagen,Everybody Is Free,Electronica,Remember,2004,1227,139.67483108,-0.4118527472019195,0.0636192615260413,6161.79671455149,2899.6534056334194,3131.7346731099087,0.46041587,0.0,0.0,0.0,0.0,0.0,0.0,7.7e-07,8.23e-06,0.00011799,0.00230062,0.04322239,0.063526,0.07168371,0.07742349,0.06754746,0.05004219,0.03810417,0.02551529,0.01666647,0.01466953
Butcher,Don't let the Sun go down,Electronica,Remember,2003,1251,143.5546875,4.432338714599609,0.0752487492102594,6556.200561774998,3169.100469777434,3163.3429291861053,0.5020294,4e-08,4.1e-07,3.03e-06,6.91e-06,1.631e-05,0.00020423,0.00033109,0.00042039,0.00050229,0.00054921,0.00059522,0.000621,0.00067731,0.0007862,0.0009742,0.00102049,0.00104369,0.00139498,0.00155313,0.0016359
C Base ,In The Beginning,Electronica,Remember,2003,1042,139.67483108,4.848339080810547,0.04883121640917,6450.717247897941,2818.407689942365,3374.871835513657,0.5789776,0.0,0.0,0.0,0.0,0.0,0.0,0.0,0.0,0.0,0.0,0.0,0.0,0.0,0.0,2e-08,1e-07,2.8e-07,1.52e-06,2.93e-06,6.24e-06
Dave 202,Baracuda,Electronica,Remember,2001,1076,139.67483108,0.7859172224998474,0.0523626604058546,5509.449924046493,2553.181919377525,2983.772360424996,0.49661174,0.0,0.0,0.0,0.0,0.0,0.0,0.0,9e-08,5e-07,1.192e-05,0.00054852,0.001099,0.00286364,0.00563303,0.00970691,0.01437726,0.01842277,0.02220348,0.02404452,0.02488352
David,Max Apology,Electronica,Remember,2000,756,161.49902344,5.228976726531982,0.0801172101128333,7293.895437556766,3447.0284613336053,3311.061935848971,0.58907145,0.0,0.0,0.0,0.0,0.0,0.0,4.1e-07,1.91e-06,1.657e-05,0.00014569,0.00023053,0.000292,0.00032147,0.00035516,0.05181494,0.06889084,0.08458859,0.10471797,0.10332943,0.1044228
Dj Crivi,Mankell (Gaupasa Version),Electronica,Remember,2001,691,99.38401442,-1.1418167352676392,0.0572908623900935,5144.183786345034,2486.556180059025,2627.9170647157025,0.5050564,0.0,0.0,0.0,0.0,1.2e-07,0.00209799,0.00267966,0.00267966,0.00267966,0.00166704,1.034e-05,0.001776,0.00286019,0.00620771,0.00700807,0.00778896,0.00910058,0.00769982,0.00755964,0.00713601
Dj Rai,A Hidde Place,Electronica,Remember,2001,1121,156.60511364,5.048874855041504,0.0674688385178415,7953.9458325552305,3630.2963224500136,3862.795071056317,0.571749,0.0,0.0,0.0,0.0,5.66e-06,5.661e-05,0.00013027,0.0651443,0.12805659,0.17553498,0.20851986,0.224159,0.21045399,0.18028751,0.15088417,0.12161601,0.10691056,0.10575741,0.10368124,0.10044695
Dj Liberty,Seguro,Electronica,Remember,2004,710,139.67483108,2.484124183654785,0.0902076197138436,7603.388910353131,3664.00196035464,3468.833437253034,0.6037843,1.122e-05,1.219e-05,1.465e-05,3.659e-05,0.15462102,0.27712592,0.35927644,0.43511263,0.47417539,0.47090408,0.4840005,0.505701,0.52795291,0.53628719,0.53444618,0.50693136,0.48116729,0.47294086,0.44662192,0.42828798
Jesus Elices,Maximizing the Audience,Electronica,Remember,2001,866,143.5546875,1.341450572013855,0.0676500305481702,6176.897974508217,2872.3204209310447,3140.206455554192,0.55484176,0.0,0.0,0.0,0.0,4.46e-06,0.00919894,0.01451118,0.0145528,0.01462578,0.03708115,0.06285941,0.082161,0.09357529,0.09501556,0.08824705,0.07798397,0.07297972,0.07404759,0.07091587,0.0706913
Espada y Vidar,Sienteme,Electronica,Remember,2004,714,99.38401442,3.820247650146485,0.0442092380615626,6492.009886714565,2843.0894033887885,3564.006350917827,0.5810801,0.00016508,0.00310443,0.01020786,0.01181091,0.01481901,0.01554408,0.01276768,0.0150002,0.01454964,0.0136482,0.01337267,0.011481,0.01156786,0.01272288,0.01252184,0.01090491,0.00863386,0.00767827,0.00814396,0.00746351
Fiocco,Afflitto,Electronica,Remember,1997,866,139.67483108,-0.5375840067863464,0.0904014832231136,7371.53764974523,3729.972456486174,3459.581275191248,0.5610283,1.122e-05,1.219e-05,1.342e-05,1.09e-05,9.95e-06,2.587e-05,5.027e-05,0.00042916,0.11121956,0.1841363,0.29910362,0.416529,0.49008882,0.5332306,0.52486247,0.4843809,0.42321101,0.38588339,0.35655424,0.32187688
4 Non Blondes,What's Up,Rock,Rock Baladas,1993,639,135.99917763,3.8244221210479736,0.050281342544595,5474.412917318768,2530.7503483196097,3007.5152323174952,0.4776097,0.0,0.0,0.0,0.0,0.0,0.0,0.0,0.0,0.0,0.0,0.0,0.0,0.0,0.0,0.0,0.0,0.0,0.0,0.0,0.0
Aerosmith,Amazing,Rock,Rock Baladas,1993,949,139.67483108,7.163891792297363,0.0746398951757341,5932.321396707423,2920.493275165949,2982.9054574666766,0.48504698,0.0,0.0,0.0,2.7e-07,7.5e-07,1.136e-05,0.02251018,0.03371032,0.06687403,0.10397659,0.15519436,0.204921,0.25233695,0.27914196,0.29063424,0.27713665,0.23930641,0.19934595,0.15348397,0.13751744
Aerosmith,I Don't Want to Miss a Thing,Rock,Rock Baladas,1998,566,120.18531977,4.990909099578857,0.058566002566473,4784.067696689609,2373.205908274087,2737.7807096762144,0.40262324,7.7e-07,9.9e-07,1.19e-06,1.27e-06,1.27e-06,1.28e-06,1.28e-06,1.36e-06,1.49e-06,1.62e-06,1.79e-06,2e-06,2.07e-06,2.31e-06,8.357e-05,0.00279685,0.00448141,0.0080053,0.01208884,0.01714133
Air Supply,Making Love Out Of Nothing At All,Rock,Rock Baladas,1983,675,139.67483108,-10.6455717086792,0.0627646494053518,4325.851912862364,2285.2244706372658,2444.7316259641366,0.3375652,0.0,0.0,6.7e-07,5.675e-05,0.00044845,0.00053108,0.00064465,0.00072447,0.00067316,0.00069607,0.00069915,0.000701,0.00067474,0.00068113,0.00066409,0.00063756,0.00067637,0.00070867,0.00148866,0.0084729
Alias,More Than Words Can Say,Rock,Rock Baladas,1990,231,68.90625,-11.51412582397461,0.0480597174657534,3326.2261100949563,1727.1962129677297,1905.334860010016,0.3677135,0.0,3.6e-07,3.125e-05,0.00026659,0.00037298,0.00046185,0.00053059,0.0005341,0.00053564,0.00053036,0.00053389,0.000533,0.0005308,0.00053498,0.00053093,0.00052797,0.0005309,0.00053191,0.00053104,0.00053212
Berlin,Take My Breath Away,Rock,Rock Baladas,1986,398,95.703125,2.2194223403930664,0.0757057011939824,6979.709487883316,3204.808152309913,3392.683204621713,0.4107767,1e-08,1.1e-07,4.24e-06,5.932e-05,0.00040049,0.00066467,0.00082497,0.00095114,0.0009853,0.00095145,0.00096473,0.004357,0.00768934,0.01106481,0.06172242,0.10297775,0.13086922,0.15373662,0.15759523,0.15234491
Bon Jovi,I'll Be There For You,Rock,Rock Baladas,1988,795,148.02631579,5.5622148513793945,0.0717611296633707,5502.767848853403,2722.813195829365,2722.7046241185576,0.42615786,0.0,0.0,0.0,0.0,0.0,0.0,0.0,0.0,0.0,0.0,0.0,0.0,0.0,0.0,0.0,0.0,0.0,0.0,0.0,0.0
Boston,Amanda,Rock,Rock Baladas,1986,512,126.04801829,-5.342806339263916,0.0568909672501132,4255.648322974445,2021.0552628170008,2155.353163252056,0.4058462,0.0,1e-07,2.4e-07,3.39e-06,6.64e-06,9.05e-06,1.113e-05,1.2e-05,1.14e-05,9.63e-06,7.13e-06,4e-06,7.5e-07,5e-08,0.0,0.0,0.0,0.0,0.0,0.0
Bryan Adams,Heaven,Rock,Rock Baladas,1984,263,69.83741554,6.11000919342041,0.0560351815530583,5083.84549057931,2470.3780658565547,2916.4196128880444,0.44245857,7.7e-07,9.9e-07,1.19e-06,1.27e-06,1.27e-06,1.28e-06,1.28e-06,1.36e-06,1.49e-06,1.73e-06,3.33e-06,5e-06,6.7e-06,1.056e-05,1.948e-05,8.208e-05,0.00017582,0.0003949,0.00064122,0.00112766
Captain and Tennille,Do that to me one more time,Rock,Rock Baladas,1979,259,84.72079918,-10.350859642028809,0.0672643440175431,4967.3982051912935,2513.259437469389,2580.3652018542284,0.3422195,0.0,0.0,0.0,0.0,2.64e-05,0.0142167,0.02534943,0.03307458,0.04016557,0.0404353,0.04081888,0.038886,0.03594092,0.03765214,0.03378917,0.03456116,0.0337186,0.03359191,0.03447486,0.03338412
Crowded House,Weather With You,Rock,Rock Baladas,1992,298,93.96306818,0.4874691069126129,0.0447778685054134,4516.985622150585,1974.034138613244,2346.2258984565688,0.36638442,0.0,0.0,0.0,0.0,0.0,2e-08,5e-08,3e-07,1.06e-06,2.56e-06,9.9e-06,7e-05,0.00171373,0.02003737,0.04911107,0.06955411,0.07941669,0.08065998,0.0807569,0.07256132
Deep Purple,Child in Time,Rock,Rock Baladas,1968,340,93.96306818,-2.103812456130981,0.043099888678166,5561.682104565833,2411.435033901889,3220.410879819857,0.4333915,0.0,0.0,0.0,0.0,0.0,0.0,0.0,0.0,0.0,0.0,0.0,0.0,0.0,0.0,0.0,0.0,0.0,0.0,0.0,0.0
Europe,Carrie,Rock,Rock Baladas,1986,1313,127.84090909,2.895113468170166,0.040416790931788,3703.6925632938623,1829.13263004622,2142.6249039932886,0.47796878,0.0,0.0,0.0,0.0,0.0,0.0,0.0,0.0,0.0,0.0,0.0,0.0,1.28e-06,5.64e-06,1.493e-05,1.943e-05,2.576e-05,3.316e-05,3.877e-05,8.433e-05
Paul Young,Every time go you away,Rock,Rock Baladas,1985,593,135.99917763,0.2453868240118026,0.0658904127602491,6014.728096505934,2805.096630761882,3240.4421986822617,0.36859578,0.0,0.0,6.155e-05,0.00049915,0.00077872,0.00098317,0.00109022,0.00113008,0.00108138,0.00105295,0.00104083,0.00099,0.00101267,0.00098068,0.0010296,0.0010369,0.00099893,0.00103625,0.00102566,0.00104793
Extreme,More Than Words,Rock,Rock Baladas,1990,334,81.52173913,2.174941301345825,0.0486509348663899,4689.559300554884,2242.06376108968,2574.396041899163,0.45432964,0.00069358,0.00100805,0.00109209,0.00111563,0.00088214,0.00049604,0.00026466,0.00013491,6.361e-05,3.794e-05,3.917e-05,4.5e-05,4.98e-05,5.399e-05,6.331e-05,8.63e-05,0.0001035,0.00011982,0.00013057,0.00012869
F.R David,Words,Rock,Rock Baladas,1982,375,92.28515625,-5.680043697357178,0.0334251617652069,3277.9740881985927,1653.4850574284335,2303.548407055071,0.36236095,0.0,0.0,0.0,0.0,0.0,0.0,0.0,0.0,0.0,1.8e-07,6.1e-07,9.7e-05,0.00035063,0.00099752,0.00113055,0.00216715,0.00249365,0.0039447,0.00433022,0.00534137
Firehouse,When I Look Into Your Eyes,Rock,Rock Baladas,1992,407,123.046875,0.8291967511177063,0.0356359028975232,4067.033261241129,1816.005194337751,2389.275468115485,0.35402963,0.0,0.0,0.0,0.0,0.0,0.0,0.0,0.0,0.0,0.0,0.0,0.0,0.0,0.0,0.0,0.0,0.0,0.0,0.0,0.0
Gary Moore,Empty Rooms,Rock,Rock Baladas,1984,565,147.65625,3.300745248794556,0.0734542820521359,6876.519619571827,3110.629144062125,3349.348067065271,0.44361782,0.0,0.0,0.0,0.0,0.0,0.0,0.0,0.0,0.0,0.0,0.0,0.0,0.0,0.0,0.0,0.0,0.0,0.0,0.0,0.0
Guns N' Roses,Don't Cry,Rock,Rock Baladas,1991,407,97.50884434,2.16091251373291,0.0716004482456287,6057.257670582848,2783.864405043917,2995.2475432628657,0.37529892,0.0,0.0,0.0,0.0,0.0,0.0,0.0,0.0,0.0,0.0,0.0,0.0,0.0,0.0,0.0,0.0,0.0,0.0,0.0,0.0
Heart,Alone,Rock,Rock Baladas,1987,493,126.04801829,-10.252886772155762,0.0547639642607168,5402.076757008566,2631.663836903737,2996.0792636167653,0.5278519,0.0,0.0,0.0,0.0,0.0,0.0,0.0,0.0,0.0,0.0,0.0,0.0,0.0,0.0,0.0,0.0,0.0,0.0,0.0,0.0
Iron Maiden,Wasting love,Rock,Rock Baladas,1986,306,87.59269068,-1.266622543334961,0.058354805518883,4693.3078980136825,2357.731811953488,2675.178923771739,0.33846825,0.0,0.0,0.0,0.0,0.0,0.0,0.0,0.0,0.0,0.0,0.0,0.0,0.0,0.0,0.0,0.0,0.0,0.0,0.0,0.0
Kansas,Dust in the Wind,Rock,Rock Baladas,1977,817,147.65625,1.9649419784545896,0.0617140624223589,6009.912212896384,2796.0622306388573,3123.536444429932,0.47503656,0.0,0.0,0.0,0.0,0.0,0.0,0.0,0.0,0.0,1.5e-07,5.7e-07,2e-06,5.75e-06,1.049e-05,1.414e-05,1.729e-05,1.916e-05,1.999e-05,2.039e-05,2.049e-05
Phil Collins,Another Day In Paradise,Rock,Rock Baladas,1989,414,126.04801829,-1.3803340196609497,0.0261755705309393,2161.8482269853007,1185.376682955382,1756.994225461062,0.40535316,0.0,0.0,0.00021598,0.00191635,0.00248018,0.00325505,0.00379302,0.00368125,0.00376224,0.00374071,0.00370266,0.003663,0.00385678,0.00367144,0.0035457,0.00513572,0.00503361,0.00507806,0.00514231,0.00354646
Richard Marx,Right Here Waiting,Rock,Rock Baladas,1989,465,101.33272059,-8.234686851501465,0.0529093070992133,4141.3102103423125,1995.8767680444769,2267.6572433261395,0.44000632,0.0,4e-08,1e-07,9.5e-07,9.49e-06,0.00033949,0.00060331,0.00083992,0.00099272,0.00113403,0.00122188,0.001311,0.00140581,0.00145208,0.00144342,0.00142597,0.00140934,0.00140186,0.00143373,0.00142799
Roxette,It Must Have Been Love,Rock,Rock Baladas,1987,350,89.28571429,3.1961655616760254,0.044345721757906,5636.626933382048,2593.843996087625,3542.687837936692,0.41629344,1.78e-06,1.792e-05,0.00060484,0.00156549,0.00242616,0.00283995,0.00324212,0.00359756,0.00415882,0.00556648,0.00636249,0.006811,0.00804108,0.00730629,0.00763147,0.00785897,0.00677287,0.00740265,0.0074436,0.00700998
Scorpions,Send Me An Angel,Rock,Rock Baladas,1990,683,161.49902344,-7.688262462615967,0.0723349520278244,6020.02423653389,2854.67596199378,3029.9954130133574,0.43246397,0.0,1.1e-07,3.3e-07,4.862e-05,8.891e-05,0.00014574,0.0001515,0.00024124,0.00030215,0.00029578,0.00032947,0.00031,0.00027482,0.00030396,0.00031353,0.00030794,0.0003002,0.00027606,0.00024584,0.00030486
Scorpions,Still Loving You,Rock,Rock Baladas,1984,480,107.66601562,2.2782819271087646,0.0719790255940562,4594.75631420771,2457.281268095676,2497.113881187242,0.38633248,0.0,0.0,0.0,0.0,0.0,0.0,0.0,0.0,0.0,0.0,1e-08,0.000302,0.00151781,0.01128878,0.04653594,0.06075014,0.06922776,0.07611112,0.06776131,0.06427595
Scorpions,Wind Of Change,Rock,Rock Baladas,1991,480,107.66601562,-5.858412265777588,0.0709953571230486,6100.379636653044,2919.559887506576,3269.75450920328,0.3931199,0.0,0.0,0.0,0.0,0.0,0.0,0.0,3e-08,3.504e-05,6.851e-05,9.977e-05,0.000154,0.00016678,0.00019614,0.00022401,0.00034061,0.00212937,0.00685243,0.00999526,0.01296325
Steelheart,She's Gone,Rock,Rock Baladas,1990,348,75.99954044,1.6274629831314087,0.0702753963178394,4783.45004389099,2476.009218326518,2646.329329092181,0.44123417,0.0,0.0,0.0,0.0,2.771e-05,0.0024432,0.00600554,0.00870193,0.01684819,0.02594508,0.03321791,0.03924,0.04119994,0.0434399,0.04098957,0.04189744,0.03914746,0.03888882,0.03679748,0.03694758
Tears For Fears,Sowing The Seeds Of Love,Rock,Rock Baladas,1989,609,135.99917763,-5.318056583404541,0.0723193894877866,6751.760528959995,3156.353233217721,3524.891508075443,0.41408435,0.0,0.0,0.0,0.0,0.0,0.0,0.0,0.0,0.0,0.0,0.0,0.0,0.0,0.0,0.0,0.0,0.0,0.0,0.0,0.0
The Cars,Drive ,Rock,Rock Baladas,1984,453,85.22727273,6.428802967071533,0.0821020591061892,7469.569551003668,3476.5162147416413,3556.466162266704,0.4707463,0.0,0.0,0.0,0.0,0.0,0.0,0.0,0.0,0.0,0.0,0.0,0.0,0.0,0.0,0.0,0.0,0.0,0.0,0.0,0.0
Toto,I Won't Hold You Back,Rock,Rock Baladas,1982,312,83.35433468,0.3597606718540191,0.0339363440591646,3753.681527353459,1747.4379317460566,2302.4358900864777,0.46014094,0.0,0.0,0.0,0.0,0.0,0.0,0.0,0.0,0.0,0.0,0.0,0.0,0.0,0.0,0.0,0.0,0.0,0.0,0.0,0.0
Sheriff,When I'm with you,Rock,Rock Baladas,1982,519,96.98275862,-1.8461865186691284,0.0646969738662809,6294.137750408831,2957.463647956129,3308.1356163290384,0.45958412,3.64e-06,5.042e-05,0.00012164,0.00020391,0.00034427,0.00043463,0.00056834,0.00070822,0.00089106,0.00109116,0.00119967,0.001359,0.00147425,0.00161488,0.00173589,0.00194278,0.0023109,0.00240532,0.0025802,0.00263796
Whitney Houston,I Will Always Love You,Rock,Rock Baladas,1992,221,69.83741554,-0.913447380065918,0.0456037661820192,2993.119716956968,1545.1244431016437,1657.1208062657097,0.37893626,0.0,0.0,0.0,0.0,0.0,0.0,0.0,0.0,0.0,0.0,0.0,0.0,0.0,0.0,0.0,0.0,0.0,0.0,0.0,0.0
Williams Brothers,Can't Cry Hard Enough,Rock,Rock Baladas,1992,278,67.11647727,-8.629186630249023,0.0454898161141707,4180.678000390542,2117.252755676812,2665.9622058827526,0.30963096,0.0,0.0,0.0,0.0,0.0,0.0,0.0,0.0,0.0,0.0,0.0,0.0,0.0,0.0,0.0,0.0,0.0,0.0,0.0,0.0
Eric Clapton,Wonderful tonight,Rock,Rock Baladas,1977,503,170.45454545,-5.995521545410156,0.0432442801339285,4858.398008241758,2268.3374014583774,2799.344539173081,0.44843537,0.0,0.0,0.0,0.0,0.0,0.0,0.0,0.0,0.0,0.0,0.0,0.0,0.0,0.0,0.0,0.0,0.0,0.0,0.0,0.0
Albertucho y Kutxi Romero,Mi estrella,Rock,Rock en Español,2004,335,95.33898305,-2.001058578491211,0.0375130015441317,4502.035072995317,1989.3340870473908,2570.248891570823,0.43202022,0.0,0.0,0.0,0.0,0.0,0.0,0.0,0.0,0.0,0.0,0.0,0.0,0.0,0.0,0.0,0.0,0.0,0.0,0.0,0.0
El Último Ke Zierre,Tus Bragas,Rock,Rock en Español,2003,349,132.51201923,6.473160266876221,0.0560452213423962,5205.065273706409,2443.2769479692943,2750.971409330995,0.41098234,0.0,0.0,0.0,0.0,0.0,0.0,0.0,0.0,0.0,0.0,0.0,0.0,0.0,0.0,0.0,0.0,0.0,0.0,0.0,0.0
Eskorbuto,Historia Triste,Rock,Rock en Español,1986,399,86.1328125,6.246602535247803,0.0489170636947195,5521.940365305555,2478.5500367828386,3047.666255987612,0.46495655,0.00015002,0.00015977,0.00020191,0.00020921,0.00016514,0.00017163,0.00012574,0.000154,0.00015231,0.00017118,0.00018589,0.000164,0.00016864,0.00013664,0.00015538,0.0001524,0.00015916,0.00017195,0.00013688,0.00016317
Eskorbuto,"Mucha policía, poca diversión",Rock,Rock en Español,1983,291,95.703125,6.715822696685791,0.0651243206120399,5301.494454472699,2577.359392606386,2702.828837667972,0.43241513,0.0,0.0,0.0,0.0,0.0,0.0,0.0,0.0,0.0,0.0,0.0,0.0,0.0,0.0,0.0,0.0,0.0,0.0,0.0,0.0
Héroes del Silencio,La chispa adecuada,Rock,Rock en Español,2003,488,161.49902344,-2.618206739425659,0.0681235604991638,5319.09857734389,2675.440714967216,2845.7305967712405,0.42886436,0.0,0.0,0.0,0.0,0.0,0.0,0.0,0.0,0.0,0.0,0.0,0.0,0.0,0.0,0.0,0.0,0.0,0.0,0.0,0.0
Mago de Oz,La Costa Del Silencio,Rock,Rock en Español,2003,256,107.66601562,5.357852935791016,0.076233227651751,5129.436480007693,2644.612421885839,2296.64585817613,0.52919155,0.0,0.0,0.0,0.0,0.0,0.0,0.0,0.0,0.0,0.0,0.0,0.0,0.0,0.0,0.0,0.0,0.0,0.0,0.0,0.0
Lobo,Hombre en París,Rock,Rock en Español,1984,519,112.34714674,3.312952995300293,0.0460772144515114,5513.214088000786,2451.947265197489,3104.2266873833373,0.41117293,1e-08,7e-08,7.3e-06,1.07e-05,1.336e-05,1.551e-05,1.582e-05,1.587e-05,1.588e-05,1.587e-05,1.589e-05,1.6e-05,1.797e-05,5.413e-05,0.00036533,0.000536,0.00086178,0.00113524,0.00245655,0.03213442
Loquillo,La mataré,Rock,Rock en Español,1987,602,132.51201923,5.599533557891846,0.0737027376526784,6558.369446999132,3083.6228074876285,3246.7343039660345,0.45016155,0.0,0.0,0.0,0.0,0.0,0.0,0.0,0.0,0.0,0.0,0.0,0.0,7e-08,3e-07,4.79e-06,2.063e-05,0.00050933,0.01207268,0.02786858,0.04263948
Los Enemigos,John Wayne,Rock,Rock en Español,1988,550,147.65625,3.8310818672180176,0.0483604004027743,4533.601336036639,2214.246622114098,2613.460820878679,0.482467,0.0,0.0,0.0,0.0,0.0,0.0,0.0,0.0,0.0,2e-07,8.891e-05,0.00029,0.02163875,0.08840737,0.13938805,0.18241182,0.21886884,0.2291448,0.22788195,0.22308122
Los Rodríguez,Sin documentos,Rock,Rock en Español,1993,420,97.50884434,11.038334846496582,0.043907612484201,4519.15077433797,2060.870976791939,2543.320379103706,0.5010489,0.0,0.0,0.0,0.0,5.799e-05,0.05074983,0.06368615,0.0801079,0.0924404,0.0915878,0.09251604,0.089862,0.083053,0.07734744,0.08015668,0.07232425,0.06783774,0.05893356,0.04111845,0.04285733
Mago de Oz,La posada de los muertos,Rock,Rock en Español,2005,893,151.99908088,-2.899125814437866,0.0720021104327255,4944.379380489364,2525.172370436744,2611.0741272071305,0.47829273,0.0,0.0,0.00029651,0.00164811,0.03608641,0.04469421,0.05547359,0.06451757,0.06659377,0.06987804,0.06722197,0.068346,0.06393907,0.06206755,0.06532726,0.06378613,0.0616594,0.06175349,0.05998237,0.05788296
Rosendo,Maneras de vivir,Rock,Rock en Español,2004,452,95.703125,0.8860619068145752,0.0821181907135586,6330.331176211604,2975.4542887880057,2939.1518945124544,0.45398042,0.0,0.0,0.0,0.0,0.0,0.0,0.0,0.0,0.0,0.0,0.0,0.0,0.0,3.3e-07,0.00050426,0.00096096,0.00125695,0.00150147,0.00163179,0.00163185
Rosendo,Masculino singular,Rock,Rock en Español,2002,759,147.65625,3.312762260437012,0.0474316560121861,5704.383658729759,2589.2674604512163,3270.064849763197,0.49913883,0.0,0.0,0.0,0.0,0.0,0.0,0.0,0.0,0.0,0.0,0.0,0.0,0.0,0.0,0.0,0.0,0.0,0.0,0.0,0.0
Parálisis Permanente,Autosuficiencia,Rock,Rock en Español,1984,533,123.046875,10.237005233764648,0.0503493579022734,5581.385487302485,2570.4499567255816,3051.172007168489,0.48510757,0.0,0.0,0.0,0.0,0.0,0.0,0.0,0.0,0.0,0.0,0.0,0.0,0.0,0.0,3e-08,5.32e-06,4.993e-05,6.601e-05,8.127e-05,9.129e-05
Piperrak,Kualkier dia,Rock,Rock en Español,1994,490,123.046875,7.854129314422607,0.0759772108363781,6478.151593452231,3136.626840056017,3317.0878123325583,0.49290752,0.0,4.826e-05,0.0448071,0.12020537,0.13982539,0.15998052,0.18406919,0.15742122,0.15763542,0.26132172,0.3005825,0.312566,0.3280046,0.26740983,0.24243757,0.23989102,0.22728638,0.23802498,0.21655844,0.20581879
Platero y Tu,El roce de tu cuerpo,Rock,Rock en Español,1996,450,139.67483108,-8.600160598754883,0.0745124249478217,5680.225789242092,2898.821309076351,3067.5977593167336,0.4369015,0.0,0.0,0.0,0.0,0.0,1.2e-07,2.06e-06,2.03e-05,4.188e-05,5.048e-05,6.082e-05,6.8e-05,6.215e-05,6.185e-05,5.943e-05,5.967e-05,6.014e-05,6.228e-05,6.729e-05,6.244e-05
Porretas,Marihuana,Rock,Rock en Español,1997,191,95.703125,-2.82792592048645,0.0698302413231475,7719.113143047795,3716.7228107909073,3798.3373142106434,0.5467991,0.0,1.42e-06,0.00024165,0.000342,0.00037568,0.00037652,0.00028963,0.00016049,4.487e-05,4.299e-05,4.264e-05,4.3e-05,4.426e-05,4.451e-05,4.453e-05,4.477e-05,4.493e-05,4.514e-05,4.604e-05,4.649e-05
Seguridad Social,Acción,Rock,Rock en Español,1990,386,93.96306818,6.755361557006836,0.0608436535627101,4929.387683032938,2544.2664354961044,2790.509266368788,0.49152708,0.0,0.0,0.0,0.0,0.0,0.0,0.0,0.0,0.0,0.0,0.0,0.0,0.0,0.0,0.0,0.0,0.0,0.0,0.0,0.0
Soda Stereo,De Música Ligera,Rock,Rock en Español,1990,342,86.1328125,5.4275336265563965,0.0776249471586343,5674.783001612796,2835.535179266952,2733.875286815423,0.49281618,0.0,0.0,0.0,0.0,0.0,0.0,0.0,0.0,0.0,0.0,0.0,0.0,0.0,0.0,0.0,0.0,0.0,0.0,0.0,0.0
Triana,Quiero contarte,Rock,Rock en Español,1979,320,89.10290948,5.362654685974121,0.081767664323414,5869.062189484076,3002.508276996619,2986.746947105375,0.45184058,0.0,0.0,0.0,0.0,0.0,0.0,0.0,0.0,0.0,0.0,0.0,0.0,0.0,0.0,0.0,0.0,0.0,0.0,0.0,0.0
Reincidentes,Vicio,Rock,Rock en Español,1994,287,103.359375,7.41405725479126,0.0692046118390134,5458.417373144103,2782.4441679751344,2958.482364601678,0.55621856,0.0,2e-06,0.000373,0.000853,0.002329,0.006057,0.009888,0.011053,0.01577,0.026717,0.036311,0.048378,0.05653,0.060987,0.061626,0.058362,0.055913,0.052699,0.052933,0.052752
Dj Napo,El ritmo ms,Electronica,Techno,1999,918,143.5546875,1.3505985736846924,0.0732296285132752,6491.287354882934,3195.2629952504885,3304.6450009302253,0.5886106,0.0,0.0,0.0,0.0,0.0,0.0,0.0,0.0,0.0,0.0,0.0,0.0,0.0,0.0,0.0,0.0,0.0,0.0,0.0,0.0
Abel The Kid y Raul Ortiz,Electrication,Electronica,Techno,2002,918,139.67483108,0.3316147923469543,0.0669773579854619,7425.992813108222,3544.000786119461,3680.9235105418056,0.6799916,0.0,0.0,0.0,0.0,0.0,0.0,0.0,0.0,0.0,0.0,0.0,0.0,0.0,0.0,0.000261,0.000298,0.000304,0.000347,0.000304,0.000385
Abel the Kid y Raul Ortiz,Baila,Electronica,Techno,2004,961,139.67483108,5.47695779800415,0.0263010576835632,5245.070596038419,2266.3186736286,3048.29224553578,0.6775567,0.0,0.0,0.0,0.0,0.0,0.0,0.0,0.0,0.0,0.0,0.0,0.0,0.004922,0.031408,0.046066,0.112812,0.116601,0.144684,0.162619,0.179323
Alex Trackone y Dj Napo,La nube,Electronica,Techno,2000,1111,139.67483108,4.739414215087891,0.041777207971008,5284.012634002705,2370.754805404596,2871.841016318141,0.6231673,0.0,0.0,0.0,0.0,0.0,0.0,0.0,0.0,0.0,0.0,0.0,9e-06,0.000138,0.003364,0.014328,0.038531,0.052192,0.053312,0.055055,0.060161
Alex Trackone,Genetiko,Electronica,Techno,2006,865,139.67483108,6.518306255340576,0.1165835569881208,8934.48524959634,4454.064875530782,3817.410617274592,0.701299,0.0,0.0,0.0,0.0,0.0,0.000103,0.137479,0.193366,0.274702,0.304478,0.281043,0.269073,0.197353,0.155422,0.143015,0.098545,0.081968,0.075137,0.069169,0.069072
Alex Trackone ala Lawrence Lock,Technobase,Electronica,Techno,2004,1019,139.67483108,4.382026672363281,0.0844967630933616,8562.778671292874,3962.8271937909913,3903.017463711481,0.6683287,0.0,0.0,0.0,0.0,0.0,0.0,0.0,4e-06,4.4e-05,0.000198,0.048391,0.107925,0.123362,0.13812,0.153913,0.14539,0.187647,0.245883,0.248164,0.249019
Ben Sims,Remanipulator,Electronica,Techno,1998,640,135.99917763,6.911355972290039,0.0810462532891501,6067.773654599277,3059.114215324661,2943.9187821613177,0.68922716,0.0,9e-06,0.005251,0.005456,0.013243,0.021924,0.032789,0.035879,0.034283,0.031829,0.028238,0.032357,0.032761,0.031286,0.027603,0.020439,0.020746,0.021777,0.018557,0.031789
Cisco Ferreira aka The Advent,Kurva,Electronica,Techno,2005,800,139.67483108,8.645256042480469,0.0602463421689878,8029.235487342105,3470.926014628333,3907.2390878384767,0.5890338,0.0,0.0,0.0,0.0,0.0,0.0,0.0,0.0,0.0,0.0,0.0,0.0,0.0,0.0,0.0,0.0,0.0,0.0,0.0,0.0
Danili Di Corto,Time of passion,Electronica,Techno,2007,954,143.5546875,5.153558731079102,0.055063832003451,7533.821512709798,3244.270764274474,3841.6335653635033,0.6586342,0.0,0.0,0.0,0.0,0.0,0.0,0.0,0.0,0.0,0.0,0.0,0.0,0.0,0.0,0.0,0.0,0.0,0.0,0.0,0.0
David Marshall,Embola,Electronica,Techno,2005,829,143.5546875,0.8435987830162048,0.0695694331385739,8115.878565352178,3688.422144413276,3792.56211396676,0.6707811,0.0,0.0,7e-06,3.1e-05,0.00119,0.001747,0.001856,0.00265,0.003037,0.00286,0.003681,0.003621,0.003136,0.020673,0.046654,0.061544,0.073641,0.082508,0.0807,0.079023
Digital Express,The Club,Electronica,Techno,2004,1051,135.99917763,5.984379291534424,0.050445739036189,5314.82473605712,2563.089640494559,2901.194865094596,0.55842334,0.0,0.0,0.0,0.0,0.0,0.0,0.0,0.0,0.0,0.0,0.0,0.0,0.0,0.0,0.0,0.0,0.0,0.0,0.0,0.0
Digital Express y Michel de Hey,The club remix,Electronica,Techno,2002,863,132.51201923,6.99404239654541,0.0595256387577158,6251.34952521506,3023.4291019622387,3034.9189956376867,0.6097839,0.0,0.0,0.0,0.0,0.0,0.0,0.0,0.0,0.0,0.0,0.0,0.0,0.0,3e-06,0.00051,0.020902,0.020938,0.021025,0.162472,0.203012
Dj Gilbert,Dulux,Electronica,Techno,2000,897,139.67483108,2.166711568832397,0.0979396888716166,7856.524786256401,3869.440316431382,3583.633043138326,0.5953344,0.0,0.0,0.0,0.0,0.0,0.0,0.0,3.2e-05,0.044383,0.089182,0.107548,0.120817,0.122013,0.105338,0.103135,0.097084,0.098112,0.099921,0.098594,0.104407
Filterheadz,Yimanya,Electronica,Techno,2005,1156,135.99917763,5.688680171966553,0.0859602532605345,7114.6528447813935,3332.8839682676835,3360.210701083696,0.51142603,0.0,0.0,0.0,0.0,0.0,0.0,0.0,0.0,1e-06,1e-06,9e-06,2.2e-05,5.3e-05,0.000568,0.009611,0.091396,0.091416,0.091414,0.09091,0.001924
Jeff Mills,The Bells,Electronica,Techno,1996,647,135.99917763,7.858260631561279,0.0436008440046565,5547.166114492594,2433.991377138705,2995.4392734168105,0.58939886,0.0,0.0,0.0,0.0,0.0,0.0,0.0,0.0,0.0,0.0,0.0,0.0,0.0,0.0,0.0,0.0,0.0,0.0,0.0,0.0
Jeff Mills & Dj Rolando,Jaguar remix,Electronica,Techno,2002,825,132.51201923,-0.4403943419456482,0.1327206248871399,9654.17413825494,5085.331097845319,3978.969982087119,0.5666208,0.0,0.0,0.0,0.0,0.0,0.0,0.0,0.0,0.0,0.0,0.0,0.0,0.0,0.0,0.0,0.0,0.0,0.0,0.0,0.0
Julio Posadas,Indhu,Electronica,Techno,2022,993,135.99917763,3.0426154136657715,0.0613273789745012,5947.249296870968,2730.804171522007,2983.2379441815497,0.6083168,0.0,0.0,0.0,0.0,0.0,0.0,0.0,0.0,0.0,0.0,0.0,0.0,0.0,0.0,2e-06,0.001912,0.002662,0.006076,0.007897,0.008042
Lithium,Deep jungle,Electronica,Techno,2002,390,68.90625,8.578567504882812,0.0477387435295779,6481.230261731308,2876.1548015566823,3384.7501525997,0.6517071,0.0,0.0,0.0,0.0,0.0,0.0,0.0,0.0,0.0,0.0,0.0,0.0,0.0,0.0,0.0,0.0,0.0,0.0,0.0,0.0
Mackenzie Feat. Jessy,Arpegia (Without You),Electronica,Techno,1998,1573,139.67483108,-2.438395738601685,0.0417740733375869,4633.48279859941,2165.450709929293,2790.973275815192,0.4525923,0.0,0.0,0.0,0.0,2e-06,0.001109,0.005925,0.014113,0.019081,0.022066,0.022977,0.020768,0.018528,0.017966,0.019866,0.021353,0.022375,0.022611,0.023244,0.023565
Mauro Picotto,Bangkok,Electronica,Techno,2005,857,135.99917763,9.53321647644043,0.0644147337080058,6954.807152609224,3110.294405188597,3551.414886011514,0.66572106,0.001247,0.001974,0.21587,0.290598,0.337811,0.394066,0.367226,0.366071,0.351857,0.321442,0.335346,0.327583,0.320982,0.306961,0.297741,0.290393,0.298477,0.308051,0.292523,0.271785
Max Walder & Manu Kenton,Bongo Spirit,Electronica,Techno,2007,904,139.67483108,3.799596071243286,0.1127100302117303,8486.909550828612,4172.346583694956,3732.1441675186297,0.5865232,0.0,0.0,0.0,0.0,0.0,0.0,0.0,0.0,2.8e-05,0.000194,0.000307,0.000434,0.000489,0.000456,0.000423,0.000307,0.000287,0.000301,0.000257,0.000247
Mojado,Fuerte,Electronica,Techno,2007,766,139.67483108,1.6935884952545166,0.0709274202808302,7124.803827996826,3340.728621879559,3429.269308905987,0.60368013,0.0,0.0,0.0,0.0,0.0,0.0,0.0,0.0,0.0,0.0,0.0,0.0,0.0,0.0,0.0,0.0,0.0,0.0,7e-06,4.6e-05
Plastikman,Spastik,Electronica,Techno,1993,1015,126.04801829,-8.499324798583984,0.0980936354087231,6775.803144287825,3513.461695596024,3129.780453837664,0.5982527,0.0,0.0,0.0,0.0,0.0,0.0,0.0,0.0,0.0,0.0,0.0,0.0,0.0,0.0,0.0,0.0,0.0,0.0,0.0,0.0
Randy Katana,Fancy Fair,Electronica,Techno,2009,890,139.67483108,3.237711191177368,0.0704633465756827,6971.886566374375,3183.7818680355,3461.2433758231523,0.49485675,0.0,0.0,0.0,0.0,0.0,0.0,0.0,0.0,1e-06,2e-06,4e-06,5e-06,7e-06,7e-06,8e-06,7e-06,7e-06,7e-06,7e-06,7e-06
Randy Katana,One solid wave original mix,Electronica,Techno,2003,567,139.67483108,-13.800622940063477,0.0564701800851178,5003.616121769876,2345.690952855883,2320.904787058724,0.317317,0.0,0.0,0.0,0.0,0.0,0.0,0.0,0.0,0.0,0.0,0.0,0.0,0.0,0.0,0.0,0.0,0.0,0.0,0.0,0.0
Substate,Horizon,Electronica,Techno,2005,824,132.51201923,3.550985336303711,0.0755257908121554,6039.142368633502,2980.257596885252,2899.4217674331426,0.59805083,0.0,0.0,0.0,0.0,0.000282,0.050707,0.101162,0.128633,0.141235,0.142912,0.122705,0.107326,0.101955,0.09669,0.092522,0.082253,0.074561,0.065669,0.057006,0.054219
Surgeon,La Real,Electronica,Techno,2000,937,135.99917763,7.124649524688721,0.0353160140234343,5189.124572444781,2337.3401231116154,2850.3662841426662,0.6209538,0.0,0.0,0.0,0.0,0.0,0.0,0.0,0.0,0.0,0.0,0.000487,0.004191,0.083659,0.110654,0.125852,0.137889,0.124724,0.118694,0.120126,0.123716
Taksi,Schneesturm,Electronica,Techno,2001,1287,139.67483108,4.160575866699219,0.0468527546012157,5336.346511600541,2504.4787635404264,2844.1019973807543,0.60442924,0.0,0.0,0.0,0.0,0.0,0.0,0.0,0.0,0.0,0.0,0.0,0.0,0.0,0.0,0.0,1e-06,0.000642,0.001073,0.00112,0.001493
Tekken,Tribal Pursuit,Electronica,Techno,2001,754,143.5546875,-0.4059242904186249,0.0464724608126408,4164.023455243137,2066.3590187094883,2411.348460129799,0.46581665,0.0,0.0,1e-06,2e-06,0.000496,0.000805,0.001338,0.001384,0.001467,0.09933,0.159192,0.217105,0.297032,0.366301,0.429762,0.467238,0.473622,0.466912,0.430205,0.407393
The Advent,Inn Balance (Cozmic Spore Remix),Electronica,Techno,2003,416,135.99917763,7.218976020812988,0.0576332089945568,5744.514485826817,2782.3648235704754,3224.794823820278,0.44402307,0.0,0.0,0.0,0.0,0.0,0.0,0.0,0.0,0.0,0.0,0.0,0.0,0.0,0.0,0.0,0.0,0.0,0.0,0.0,0.0
The Roc Project feat. Tina Arena,Never Filterheadz remix,Electronica,Techno,2004,538,92.28515625,10.477449417114258,0.0316816221227355,4474.110755204006,2082.919303081432,2705.70807056496,0.65737313,0.0,0.0,0.0,0.0,0.0,0.0,0.0,0.0,0.0,0.0,0.0,0.0,0.0,0.0,0.0,0.0,0.0,0.0,0.0,0.0
Thomas Krome,Bitches From Hell,Electronica,Techno,2003,794,135.99917763,7.212381839752197,0.0565517009599611,8656.72683554911,3818.840916402317,4002.316824435683,0.7162761,0.0,0.0,0.0,0.0,0.0,0.0,0.0,0.0,0.0,1e-06,1e-06,1e-06,0.001241,0.011599,0.028222,0.039811,0.041952,0.041133,0.037003,0.030373
Tim Xavier,Theater Of Sound,Electronica,Techno,2003,752,139.67483108,7.67203426361084,0.0708700498298983,7946.175643308925,3435.342711864189,3681.075389186671,0.5680416,0.0,0.0,0.0,0.0,0.0,0.0,0.0,0.0,0.0,6.6e-05,0.163197,0.234181,0.234579,0.23458,0.168506,0.013663,0.000321,3.4e-05,7e-06,1.6e-05
Titanium,Dukun (Marco Bailey Remix),Electronica,Techno,2003,643,139.67483108,-5.148223400115967,0.0393733334595067,6004.217913115411,2710.627155229316,3212.625158316402,0.6187691,0.0,0.0,0.0,6e-06,0.001405,0.007166,0.009755,0.010092,0.0119,0.011591,0.00968,0.009527,0.007534,0.004597,0.004321,0.003913,0.002949,0.001552,0.001334,0.001281
Oscar Mulero,Anaconda,Electronica,Techno,2005,946,139.67483108,3.087594747543335,0.1092428832844103,8918.494381017017,4265.162438486075,3892.3090794677705,0.68617684,0.0,0.0,0.0,0.0,0.0,0.0,0.0,0.0,0.0,0.0,0.0,0.0,0.0,0.0,0.0,2.6e-05,0.020305,0.051187,0.063352,0.068378
Tom Hafman vs submission,El vacio mix,Electronica,Techno,2003,955,135.99917763,5.747701168060303,0.0867009304834825,7736.011952457265,3562.252429267729,3544.8667998546634,0.6149333,0.0,0.0,0.0,0.0,0.0,0.0,0.0,0.0,0.0,0.0,0.0,8e-06,0.007187,0.008954,0.015554,0.018085,0.016891,0.017285,0.012988,0.009424
Tomaz vs Filterheadz,Lazy people,Electronica,Techno,2002,1026,135.99917763,8.47317886352539,0.0541797692390329,6651.333572322696,3005.8538122272025,3388.2813768656424,0.632944,0.0,0.0,0.0,0.0,0.0,0.0,0.0,0.0,1e-06,1.7e-05,2.7e-05,3.3e-05,3.6e-05,3.4e-05,3e-05,3.4e-05,3.6e-05,3.7e-05,3.6e-05,3e-05
Tomaz vs Filterheadz,Sunshine,Electronica,Techno,2002,643,135.99917763,6.071622371673584,0.0515375253175572,5425.724988980714,2511.115149746705,2864.8260871228654,0.54455453,0.0,0.0,0.0,0.0,0.0,0.0,0.0,0.0,0.0,0.0,1e-06,1.3e-05,4.7e-05,0.001859,0.002044,0.002469,0.002832,0.002341,0.002412,0.002254
